generation,individual_id,LOGLB,NUMG,LOGG,LOGB,TAGW,GHIST,LOGP1,GHIST1,mispredictions,p2 latency,energy per instruction
prior,0,6,6,10,14,10,94,11,9,13169.0,1.61,904.0
prior,1,8,6,12,10,11,62,18,6,29800.0,2.22,3720.0
prior,2,7,8,11,10,10,132,11,4,29672.0,1.94,1376.0
prior,3,6,6,11,13,8,103,11,7,28275.0,1.71,1000.0
prior,4,7,4,10,12,13,111,15,6,14872.0,1.7,1318.0
prior,5,8,7,10,11,10,102,12,12,29301.0,1.78,1822.0
prior,6,8,5,12,12,10,171,12,9,31244.0,2.1,1960.0
prior,7,6,8,11,13,10,150,11,5,12141.0,1.79,1342.0
prior,8,5,8,12,10,10,110,19,10,12331.0,2.36,3542.0
prior,9,5,8,12,8,13,109,16,4,12233.0,2.14,2341.0
prior,10,6,7,11,9,12,199,18,4,12405.0,2.05,2245.0
prior,11,4,4,12,8,10,200,17,4,13651.0,1.8,1679.0
prior,12,8,6,12,8,8,74,17,8,24743.0,2.24,3163.0
prior,13,4,5,10,13,12,151,17,8,16464.0,1.67,1905.0
prior,14,8,4,12,14,13,116,16,5,14046.0,1.95,2548.0
prior,15,7,4,10,8,9,52,18,7,30011.0,1.53,1838.0
prior,16,6,5,12,11,12,134,13,6,12921.0,2.02,1189.0
prior,17,5,4,9,12,11,69,11,9,14082.0,1.41,490.0
prior,18,7,7,8,10,14,154,13,7,13592.0,1.53,991.0
prior,19,5,5,12,12,11,189,11,4,12565.0,1.99,1302.0
prior,20,4,5,10,14,9,126,19,6,12705.0,1.53,1633.0
prior,21,5,7,12,12,12,63,16,10,12970.0,2.1,2086.0
prior,22,4,5,11,9,8,146,11,6,12345.0,1.62,890.0
prior,23,5,6,12,12,13,72,15,5,13207.0,2.06,1892.0
prior,24,4,8,11,12,9,173,10,4,12075.0,1.81,1626.0
prior,25,5,8,11,14,10,172,18,11,12375.0,2.07,2687.0
prior,26,8,8,10,14,10,173,15,11,28910.0,1.83,2795.0
prior,27,5,8,9,10,11,164,16,9,12727.0,1.65,1429.0
prior,28,7,8,11,11,9,195,15,8,28314.0,1.94,1709.0
prior,29,6,7,9,11,14,181,19,7,13225.0,1.64,1887.0
prior,30,6,8,12,11,10,58,19,12,14370.0,2.46,3718.0
prior,31,7,8,8,14,8,194,13,12,29509.0,1.57,1295.0
prior,32,6,4,8,9,11,179,13,4,15193.0,1.37,487.0
prior,33,5,5,9,9,10,109,20,4,13371.0,1.58,1511.0
prior,34,8,7,8,10,13,62,10,8,14207.0,1.57,1481.0
prior,35,4,8,12,14,8,111,17,10,14075.0,1.97,2901.0
prior,36,7,8,9,9,10,102,16,5,29421.0,1.61,1624.0
prior,37,7,4,8,10,12,198,15,11,15189.0,1.39,922.0
prior,38,6,8,8,10,12,154,17,6,21727.0,1.54,1310.0
prior,39,5,5,12,12,9,199,18,12,14347.0,2.03,2171.0
prior,40,7,4,10,14,8,112,10,9,29918.0,1.53,953.0
prior,41,4,7,8,8,12,61,20,11,13574.0,1.43,1745.0
prior,42,8,7,10,14,9,190,13,5,28381.0,1.73,2195.0
prior,43,5,4,8,14,10,65,18,8,14951.0,1.4,1213.0
prior,44,5,7,8,11,13,71,10,6,13612.0,1.47,749.0
prior,45,7,8,10,9,13,75,11,5,13036.0,1.71,1223.0
prior,46,4,7,10,8,9,58,16,11,13476.0,1.57,1607.0
prior,47,8,7,10,13,12,120,10,6,13396.0,1.79,1972.0
prior,48,7,8,12,10,14,165,16,7,12085.0,2.21,2349.0
prior,49,6,7,10,8,14,52,20,8,15551.0,1.74,2194.0
prior,50,5,6,10,11,11,113,20,6,12660.0,1.73,1960.0
prior,51,6,6,12,11,8,139,19,7,28213.0,2.06,2360.0
prior,52,6,5,11,8,9,62,19,9,28542.0,1.82,1806.0
prior,53,4,8,11,14,12,133,17,6,11967.0,1.79,2867.0
prior,54,5,5,8,10,10,138,13,11,14080.0,1.37,569.0
prior,55,6,8,11,11,14,150,12,6,12143.0,1.91,1354.0
prior,56,4,6,10,10,13,145,15,4,11957.0,1.56,1565.0
prior,57,7,4,9,9,12,82,15,9,15486.0,1.53,936.0
prior,58,7,5,8,10,10,103,15,7,28354.0,1.51,973.0
prior,59,4,6,9,11,11,169,14,12,19256.0,1.46,1069.0
prior,60,6,6,12,11,10,70,16,5,14559.0,1.97,1767.0
prior,61,5,8,11,13,10,146,17,12,12184.0,1.85,2210.0
prior,62,4,5,9,9,13,98,13,9,13073.0,1.46,781.0
prior,63,4,5,11,10,11,183,19,4,12120.0,1.8,1724.0
prior,64,4,4,9,10,8,187,13,11,15453.0,1.38,622.0
prior,65,6,6,10,8,14,88,16,10,16484.0,1.77,1483.0
prior,66,5,8,12,8,9,104,12,7,14382.0,1.93,1675.0
0,68,8,8,9,13,8,100,20,9,25156,1.61,4714.0
0,69,6,7,12,8,9,105,18,12,29249,2.18,2598.0
0,70,6,6,8,10,10,138,16,9,14049,1.41,993.0
0,71,5,4,11,12,13,128,15,8,13581,1.75,1181.0
0,72,8,5,12,14,12,193,10,7,15283,2.16,2080.0
0,73,4,7,10,13,11,117,16,4,12209,1.6,1828.0
0,74,7,4,9,10,10,188,20,10,31286,1.52,2849.0
0,75,4,7,9,8,11,134,12,11,19278,1.5,952.0
0,76,8,8,12,8,10,197,19,7,29184,2.35,4646.0
0,77,4,5,9,10,13,125,19,8,12746,1.48,1296.0
0,78,6,5,12,10,14,94,10,8,13124,1.97,1033.0
0,79,5,7,11,10,14,78,11,6,14498,1.83,1198.0
0,80,5,5,8,13,14,121,11,5,13897,1.41,578.0
0,81,5,6,9,8,9,63,13,10,14313,1.48,631.0
0,82,7,8,12,14,13,61,18,12,13164,2.14,3265.0
0,83,7,5,9,14,8,58,18,8,29453,1.57,2102.0
0,84,5,8,9,8,9,199,15,5,14497,1.56,1376.0
0,85,4,6,10,12,14,137,20,8,12095,1.54,2078.0
0,86,4,4,12,14,13,84,12,5,13744,1.86,1462.0
0,87,6,8,8,9,12,171,10,6,22317,1.53,792.0
0,88,6,6,9,10,14,136,13,5,12601,1.55,818.0
0,89,6,6,10,12,14,110,14,9,16150,1.67,1199.0
0,90,7,5,10,11,13,179,16,8,13380,1.8,1624.0
0,91,6,4,10,10,8,179,10,7,30002,1.49,570.0
0,92,7,5,11,8,10,124,15,11,28111,1.88,1393.0
0,93,4,7,10,12,8,95,16,11,12785,1.52,1645.0
0,94,6,4,11,14,11,132,20,11,14138,1.71,1912.0
0,95,8,8,11,9,8,174,17,9,23763,2.17,3291.0
1,96,8,4,12,14,8,74,17,9,26919,1.98,3710.0
1,97,7,6,10,8,8,112,10,8,28862,1.62,881.0
1,98,4,4,11,9,13,128,11,8,16743,1.64,852.0
1,99,5,5,11,12,8,146,15,6,27165,1.75,1053.0
1,100,6,5,8,10,14,121,17,5,14188,1.47,1052.0
1,101,5,8,8,13,12,154,11,6,13330,1.47,820.0
1,102,5,5,8,10,10,109,15,4,14210,1.41,648.0
1,103,7,5,9,9,10,103,20,7,27549,1.63,2839.0
1,104,6,5,9,11,12,134,13,6,13138,1.51,748.0
1,105,4,6,10,12,14,137,16,9,12115,1.6,1491.0
1,106,6,6,8,10,10,138,20,8,14022,1.46,1661.0
1,107,6,8,11,13,10,146,17,12,12421,1.86,1970.0
1,108,5,8,12,9,12,171,10,10,12000,2.02,1737.0
1,109,6,8,8,10,10,110,19,6,13789,1.47,1720.0
1,110,4,7,10,14,9,125,19,5,12376,1.57,2022.0
1,111,8,5,9,10,13,190,16,8,14521,1.69,2002.0
1,112,6,7,10,11,11,181,16,4,13091,1.75,1635.0
1,113,4,7,9,13,14,117,19,7,12554,1.55,1776.0
1,114,6,5,11,8,9,62,10,9,28421,1.73,684.0
1,115,6,8,12,12,13,103,15,10,12266,2.29,2274.0
1,116,7,5,8,10,10,105,18,7,27726,1.53,1804.0
1,117,4,4,11,14,11,132,20,4,13633,1.62,1833.0
1,118,6,6,10,10,13,145,15,11,12571,1.64,1242.0
1,119,6,4,8,13,14,179,13,4,14876,1.4,611.0
1,120,7,5,10,8,9,62,18,7,28925,1.7,1885.0
1,121,6,4,11,8,9,52,19,9,28325,1.7,1686.0
1,122,4,8,10,14,10,173,15,11,12163,1.73,2158.0
1,123,8,7,9,8,11,134,12,11,28934,1.62,1619.0
1,124,7,7,11,12,8,199,16,9,27842,1.87,1821.0
1,125,5,4,10,14,12,63,10,10,13614,1.52,685.0
1,126,4,6,9,11,11,62,14,12,16597,1.45,1053.0
1,127,8,7,8,10,13,169,10,8,14179,1.58,1492.0
1,128,4,7,8,10,14,95,13,7,13116,1.42,904.0
1,129,7,7,10,12,8,154,16,11,28507,1.71,2126.0
1,130,4,7,10,13,11,117,15,4,12263,1.63,1581.0
1,131,4,6,10,10,13,145,16,4,11924,1.58,1380.0
1,132,6,8,11,8,9,150,11,5,30123,1.87,1114.0
1,133,5,6,9,13,10,63,13,10,13578,1.47,707.0
1,134,5,8,9,10,11,189,16,9,12749,1.65,1433.0
1,135,5,5,12,12,11,164,11,4,12818,1.99,1302.0
1,136,7,6,12,11,10,194,16,12,29359,2.0,2185.0
1,137,6,8,8,14,8,70,13,5,29539,1.49,1137.0
1,138,7,5,9,9,12,82,15,9,13843,1.65,1215.0
1,139,4,4,9,9,13,98,13,9,14397,1.4,629.0
1,140,6,8,11,13,12,151,11,8,12199,1.95,1521.0
1,141,4,5,10,13,10,150,17,5,12417,1.59,1386.0
1,142,4,7,10,14,9,190,13,11,12647,1.53,1385.0
1,143,8,7,10,8,9,58,16,5,28044,1.82,2493.0
1,144,5,4,9,10,8,187,11,5,29938,1.4,469.0
1,145,4,5,8,13,14,108,13,11,13852,1.43,807.0
1,146,7,6,9,10,14,136,13,5,19133,1.6,1130.0
1,147,6,8,11,10,10,132,14,4,12447,1.85,1431.0
1,148,7,4,10,11,11,82,15,9,15008,1.66,1235.0
1,149,5,6,9,9,12,113,20,6,17717,1.64,1724.0
1,150,5,8,11,14,13,71,10,11,12959,1.95,1684.0
1,151,5,7,8,11,10,172,18,6,13536,1.46,1432.0
1,152,6,7,11,12,13,72,18,5,12864,2.07,2381.0
1,153,5,6,12,9,12,199,15,4,12679,2.05,1810.0
1,154,4,8,10,12,9,173,15,4,12372,1.59,1581.0
1,155,8,8,11,14,10,173,10,11,29090,1.94,2486.0
1,156,8,7,8,10,11,164,10,9,29124,1.56,1492.0
1,157,5,8,9,10,13,62,16,8,13385,1.67,1500.0
1,158,8,8,12,11,11,148,19,7,29347,2.6,5935.0
1,159,7,8,12,10,10,58,16,12,27600,2.13,2249.0
1,160,6,6,12,11,11,180,16,4,12348,1.99,1814.0
1,161,6,4,8,9,10,179,13,5,16273,1.36,480.0
1,162,4,6,12,8,12,61,19,11,12685,1.99,2390.0
1,163,6,7,8,11,8,139,20,7,29047,1.49,1782.0
1,164,4,7,9,14,11,130,17,12,18865,1.48,1619.0
1,165,4,8,11,8,12,133,12,6,12010,1.82,1759.0
2,166,4,6,10,13,10,150,17,5,12262,1.61,2203.0
2,167,4,5,9,11,11,62,14,12,16984,1.45,899.0
2,168,4,8,11,9,8,146,11,6,12536,1.78,1516.0
2,169,4,5,11,8,12,133,12,6,12286,1.75,1074.0
2,170,4,6,8,10,10,65,18,4,19250,1.38,998.0
2,171,5,4,10,14,13,145,11,8,17936,1.53,734.0
2,172,7,6,10,8,13,145,16,4,12799,1.84,1698.0
2,173,4,6,10,10,8,112,10,8,12969,1.49,885.0
2,174,7,6,12,9,12,199,11,4,13092,2.03,1296.0
2,175,5,8,10,9,13,75,15,5,15999,1.66,1602.0
2,176,5,7,8,14,10,172,18,6,13452,1.47,1549.0
2,177,5,4,10,11,12,63,10,10,13575,1.47,603.0
2,178,4,8,11,11,12,134,13,6,11929,1.87,2055.0
2,179,6,5,12,8,12,133,16,6,12781,1.98,1452.0
2,180,4,7,8,14,14,130,17,12,13344,1.41,1498.0
2,181,4,6,9,10,9,95,13,12,13028,1.42,773.0
2,182,6,4,10,13,8,179,10,7,29852,1.49,676.0
2,183,5,5,8,10,14,121,11,5,13978,1.43,562.0
2,184,5,6,10,10,11,69,11,9,13335,1.57,789.0
2,185,4,4,9,12,13,145,15,4,14620,1.47,1038.0
2,186,4,5,11,13,14,108,13,6,12348,1.79,1471.0
2,187,5,5,8,12,8,146,15,11,27543,1.42,910.0
2,188,6,6,10,12,8,179,10,7,28495,1.54,784.0
2,189,6,4,10,10,14,110,14,9,17980,1.54,749.0
2,190,6,6,10,12,10,84,20,8,13347,1.59,2053.0
2,191,4,6,8,10,14,138,20,8,13228,1.41,1655.0
2,192,4,6,8,12,12,154,16,6,13283,1.39,954.0
2,193,5,8,10,13,14,137,11,9,12389,1.72,1368.0
2,194,6,8,9,13,10,109,17,12,13599,1.58,1613.0
2,195,5,5,11,9,10,146,20,4,12365,1.91,1919.0
2,196,5,5,9,12,8,134,12,11,27600,1.42,588.0
2,197,4,7,11,8,11,146,15,6,12058,1.73,1751.0
2,198,6,7,9,14,9,125,13,6,29750,1.66,1128.0
2,199,4,5,10,11,12,134,19,5,16765,1.54,1444.0
2,200,4,4,10,14,8,112,15,9,14816,1.4,1044.0
2,201,7,8,10,12,9,190,10,4,29417,1.73,1302.0
2,202,6,4,10,10,13,179,10,11,13993,1.58,640.0
2,203,6,6,10,10,8,145,15,7,28794,1.62,1018.0
2,204,6,7,10,10,10,132,16,4,13125,1.74,1568.0
2,205,4,8,11,13,11,117,14,4,12218,1.79,2122.0
2,206,4,4,8,9,10,169,14,12,22963,1.32,713.0
2,207,6,6,9,11,11,179,13,5,13540,1.53,828.0
2,208,7,8,8,8,10,61,16,5,27701,1.57,1343.0
2,209,6,7,12,10,14,179,13,6,12371,2.09,1532.0
2,210,7,4,12,12,8,189,11,4,29883,1.8,1077.0
2,211,5,5,12,10,11,165,16,7,12920,1.98,1461.0
2,212,5,4,9,12,11,69,16,7,14100,1.38,844.0
2,213,7,8,12,10,14,165,11,9,12193,2.16,1788.0
2,214,5,4,9,10,8,187,13,11,30728,1.41,553.0
2,215,4,4,10,10,8,108,11,5,14761,1.44,648.0
2,216,4,8,9,10,8,187,17,12,14425,1.44,1576.0
2,217,5,4,11,13,10,146,13,11,13702,1.65,802.0
2,218,4,4,8,9,13,125,13,4,15544,1.29,592.0
2,219,6,5,9,10,11,179,19,8,13492,1.56,1529.0
2,220,6,7,10,10,8,117,19,7,29266,1.6,2050.0
2,221,4,4,9,13,14,179,10,7,14459,1.44,725.0
2,222,4,6,10,13,11,94,11,4,12408,1.51,1114.0
2,223,6,7,10,14,10,117,16,9,12811,1.61,1466.0
2,224,4,8,10,14,11,173,15,4,12128,1.59,1891.0
2,225,4,5,11,10,10,150,19,11,12047,1.74,1611.0
2,226,4,7,9,9,8,110,17,5,14312,1.45,1240.0
2,227,4,5,11,14,11,146,11,12,12100,1.8,1323.0
2,228,5,4,9,10,8,121,11,5,30797,1.39,461.0
2,229,5,5,8,13,14,187,11,5,13427,1.41,586.0
2,230,6,8,10,10,12,145,10,4,12543,1.66,1011.0
2,231,4,6,8,9,13,171,16,6,13389,1.38,894.0
2,232,6,6,11,14,10,94,17,9,12781,2.01,2109.0
2,233,6,8,10,13,10,146,12,12,12961,1.61,1142.0
2,234,4,5,8,10,14,95,13,7,14341,1.39,763.0
2,235,6,7,12,11,12,134,13,6,12541,2.02,1460.0
2,236,7,4,11,14,12,198,15,11,13687,1.83,1370.0
2,237,4,8,8,10,12,133,13,6,12820,1.43,935.0
2,238,5,8,11,13,10,128,15,5,12421,1.85,1673.0
2,239,6,4,11,12,13,150,11,8,14003,1.76,778.0
2,240,5,7,8,10,10,65,18,8,14151,1.5,1332.0
2,241,4,4,8,14,8,187,13,11,16099,1.27,662.0
2,242,6,4,8,9,11,109,13,4,15257,1.36,480.0
2,243,5,5,8,10,10,179,15,4,13954,1.41,656.0
2,244,5,4,9,12,11,187,11,11,13840,1.42,505.0
2,245,4,4,9,10,8,69,13,9,15165,1.37,607.0
2,246,4,5,12,8,11,164,12,11,12196,1.93,1439.0
2,247,5,7,9,12,11,134,11,4,12858,1.5,807.0
2,248,4,6,9,11,11,108,13,12,17542,1.47,902.0
2,249,4,5,8,13,14,62,14,11,13865,1.37,928.0
3,250,7,8,11,11,12,134,11,6,12206,1.95,1425.0
3,251,4,5,11,9,8,99,13,6,12789,1.63,963.0
3,252,5,6,10,13,14,137,11,9,12431,1.63,1044.0
3,253,4,8,10,12,14,137,20,8,12076,1.62,2564.0
3,254,4,5,9,9,13,125,19,8,12886,1.46,1270.0
3,255,4,4,8,10,13,125,13,4,15434,1.29,601.0
3,256,4,6,10,10,14,150,19,11,11864,1.57,1709.0
3,257,4,5,11,12,10,137,20,8,12202,1.67,1928.0
3,258,4,5,8,9,11,179,11,5,13465,1.34,547.0
3,259,6,4,11,14,10,146,13,12,14170,1.71,844.0
3,260,5,4,9,9,8,121,10,5,30333,1.37,411.0
3,261,5,8,12,10,12,171,11,10,12032,2.03,1756.0
3,262,5,4,9,11,11,63,10,10,14058,1.37,430.0
3,263,5,7,10,12,12,134,11,4,12194,1.67,1086.0
3,264,4,8,10,11,14,150,12,6,12139,1.68,1628.0
3,265,6,6,11,13,11,94,11,4,12627,1.76,1041.0
3,266,5,6,8,10,10,138,13,9,13456,1.41,626.0
3,267,4,5,10,12,14,137,16,11,12300,1.63,1310.0
3,268,6,5,11,9,14,109,13,6,12612,1.88,1044.0
3,269,4,4,8,13,11,108,13,4,15386,1.34,648.0
3,270,5,5,11,12,8,133,17,6,27304,1.88,1608.0
3,271,4,8,9,14,12,134,12,11,12252,1.53,1288.0
3,272,4,8,10,10,12,145,10,12,16819,1.61,1416.0
3,273,6,6,10,13,11,94,11,4,12767,1.58,889.0
3,274,5,8,12,14,12,171,10,10,11816,2.04,1894.0
3,275,4,4,8,9,8,187,13,10,16001,1.26,461.0
3,276,5,5,8,10,12,134,11,5,14125,1.41,527.0
3,277,6,5,12,11,14,121,13,6,12643,2.07,1249.0
3,278,4,4,12,8,11,164,13,11,13935,1.76,1164.0
3,279,4,5,9,10,8,187,12,11,14786,1.42,723.0
3,280,6,4,11,12,9,179,10,5,29376,1.75,739.0
3,281,4,8,8,9,10,173,13,4,22795,1.42,846.0
3,282,6,8,11,11,10,132,12,4,12456,1.89,1234.0
3,283,6,8,11,10,14,150,14,6,12083,2.06,1705.0
3,284,7,4,8,13,13,125,13,4,22330,1.44,881.0
3,285,4,8,12,11,12,134,13,6,11969,1.97,2474.0
3,286,6,5,11,11,12,134,13,6,12766,1.86,1051.0
3,287,5,4,12,10,8,179,11,7,29890,1.8,847.0
3,288,6,4,10,10,8,121,10,5,29991,1.49,562.0
3,289,5,4,10,10,11,63,11,10,13668,1.49,567.0
3,290,5,6,10,14,12,69,10,9,13151,1.59,1030.0
3,291,4,4,8,14,8,187,14,11,15915,1.26,700.0
3,292,4,4,8,9,10,169,13,12,22912,1.29,500.0
3,293,6,6,10,10,13,112,10,11,12435,1.62,792.0
3,294,8,6,10,10,8,145,15,8,26182,1.73,2413.0
3,295,4,7,10,10,10,173,13,7,12583,1.56,1228.0
3,296,4,8,8,14,14,95,15,11,13040,1.47,1443.0
3,297,5,5,8,9,10,114,17,4,14338,1.39,767.0
3,298,4,8,11,14,10,133,11,6,12260,1.73,1823.0
3,299,6,8,11,13,12,150,17,5,12282,1.88,2025.0
3,300,4,8,9,9,13,69,13,5,13089,1.48,1141.0
3,301,7,4,10,10,8,75,11,9,30079,1.49,785.0
3,302,4,4,9,10,13,145,15,4,14574,1.48,1005.0
3,303,4,6,10,10,8,69,13,9,13585,1.51,1102.0
3,304,4,7,10,13,14,117,16,4,11864,1.66,1979.0
3,305,4,5,11,14,14,187,11,5,11871,1.83,1450.0
3,306,5,5,8,8,11,146,20,12,20628,1.5,1422.0
3,307,4,5,8,11,10,169,14,12,21616,1.39,821.0
3,308,6,4,9,9,12,134,13,6,15164,1.46,548.0
3,309,5,5,10,13,11,146,12,12,12646,1.58,803.0
3,310,6,8,12,12,10,189,11,4,14106,2.03,1557.0
3,311,4,5,9,9,13,138,20,9,12695,1.49,1631.0
3,312,4,6,8,10,14,98,13,8,13340,1.39,780.0
3,313,6,4,8,8,12,133,12,6,21617,1.34,446.0
3,314,4,8,11,9,11,109,13,4,12187,1.85,1943.0
3,315,5,4,8,13,14,121,13,11,14990,1.4,615.0
3,316,5,5,9,10,8,187,11,5,30524,1.44,591.0
3,317,4,5,11,12,12,72,12,6,12866,1.77,1342.0
3,318,5,5,9,12,11,69,13,7,13581,1.47,634.0
3,319,5,4,8,10,10,138,16,11,15750,1.32,767.0
3,320,4,7,9,12,8,187,16,11,14434,1.47,1612.0
3,321,4,4,10,10,8,95,13,11,14290,1.42,759.0
3,322,5,4,11,10,8,133,17,6,30096,1.82,1327.0
3,323,4,8,9,14,12,187,11,5,12406,1.54,1292.0
3,324,6,8,11,12,10,150,11,6,12194,1.87,1210.0
3,325,4,6,8,13,12,154,16,5,13157,1.38,1050.0
3,326,4,6,10,12,14,173,15,11,12437,1.6,1456.0
3,327,4,8,10,14,10,137,20,8,12204,1.67,2363.0
4,328,6,4,8,9,14,179,13,8,15324,1.38,568.0
4,329,4,6,8,10,10,138,20,5,21722,1.45,1475.0
4,330,5,4,9,10,8,168,13,5,30342,1.41,550.0
4,331,4,5,8,14,10,138,13,9,21473,1.37,839.0
4,332,4,5,9,10,8,187,19,5,14731,1.39,1156.0
4,333,5,4,9,10,13,125,11,8,14301,1.43,479.0
4,334,5,5,8,10,10,145,13,11,13913,1.37,570.0
4,335,6,8,9,10,12,75,10,7,13172,1.58,817.0
4,336,4,7,10,14,12,187,11,5,16943,1.62,1526.0
4,337,4,8,9,14,9,125,19,5,12810,1.51,1700.0
4,338,4,5,11,12,10,150,11,11,12007,1.71,1129.0
4,339,6,8,11,10,10,150,19,6,12114,1.99,2334.0
4,340,6,8,8,11,14,150,16,6,13020,1.56,1201.0
4,341,4,6,11,9,13,104,13,6,14260,1.76,1367.0
4,342,4,4,8,14,12,187,13,10,14550,1.33,724.0
4,343,4,8,12,9,8,133,17,6,14174,1.94,3257.0
4,344,6,5,8,9,13,98,12,6,14253,1.41,533.0
4,345,4,4,9,8,12,133,13,9,14803,1.39,685.0
4,346,4,5,9,13,13,90,20,7,13681,1.46,1686.0
4,347,5,4,9,12,8,69,10,9,30207,1.31,444.0
4,348,5,4,9,9,11,121,11,5,15006,1.41,462.0
4,349,6,4,8,8,11,173,15,6,15340,1.34,621.0
4,350,4,4,8,13,9,108,13,4,15772,1.32,619.0
4,351,5,7,10,12,12,134,13,4,12222,1.59,1093.0
4,352,4,4,8,13,11,108,11,4,15471,1.34,549.0
4,353,4,5,11,14,14,97,11,5,12391,1.82,1440.0
4,354,4,6,8,13,14,125,16,4,13158,1.39,1077.0
4,355,4,7,8,12,13,137,13,9,13070,1.4,901.0
4,356,4,6,8,12,12,140,15,8,12922,1.45,1199.0
4,357,4,7,11,8,11,154,16,6,12240,1.82,2018.0
4,358,5,8,12,9,12,171,19,8,12082,2.41,3676.0
4,359,4,5,10,10,13,150,19,11,12129,1.55,1470.0
4,360,4,6,11,10,10,145,15,4,11922,1.69,1516.0
4,361,5,7,10,12,12,65,11,4,13010,1.67,1077.0
4,362,4,6,11,8,14,137,15,6,12067,1.83,1773.0
4,363,4,7,10,12,11,146,20,8,12262,1.56,2275.0
4,364,4,8,8,13,14,62,14,11,13672,1.44,1355.0
4,365,4,5,10,12,14,137,20,8,12597,1.55,1911.0
4,366,6,5,8,13,13,187,10,11,14366,1.45,588.0
4,367,5,6,10,10,14,112,11,5,12148,1.58,852.0
4,368,4,4,8,9,13,125,14,4,15631,1.36,721.0
4,369,5,4,10,12,14,137,20,8,13997,1.66,1687.0
4,370,4,6,8,10,10,138,16,11,21891,1.34,869.0
4,371,4,8,10,14,14,137,19,4,12057,1.72,2407.0
4,372,4,8,10,12,11,173,20,8,12056,1.58,2435.0
4,373,4,8,8,10,14,130,17,6,13123,1.47,1366.0
4,374,4,7,8,14,12,133,13,12,12788,1.41,985.0
4,375,4,7,12,14,9,190,13,10,11912,1.9,2251.0
4,376,5,8,10,14,12,171,10,11,12414,1.63,1309.0
4,377,5,6,8,13,14,137,11,5,13093,1.41,660.0
4,378,5,5,10,13,14,121,11,9,12380,1.62,888.0
4,379,6,4,8,13,11,109,11,4,15413,1.39,507.0
4,380,4,6,10,9,11,94,13,4,12520,1.53,1183.0
4,381,4,7,10,14,9,125,13,12,12306,1.53,1377.0
4,382,4,7,10,14,9,190,19,11,12867,1.57,2031.0
5,383,4,4,8,8,12,133,12,6,15699,1.32,487.0
5,384,4,7,10,13,14,187,11,11,12249,1.68,1574.0
5,385,5,5,8,12,8,95,16,5,27769,1.38,834.0
5,386,4,5,10,10,13,133,19,11,12447,1.55,1468.0
5,387,4,7,8,14,12,150,13,12,13097,1.41,987.0
5,388,6,6,8,9,10,179,20,8,14757,1.46,1639.0
5,389,4,6,10,12,9,190,11,5,12797,1.5,1146.0
5,390,5,5,9,9,13,98,13,10,13481,1.5,636.0
5,391,4,4,9,11,11,63,10,9,17266,1.35,512.0
5,392,5,7,10,14,12,171,10,4,12450,1.61,1167.0
5,393,4,8,12,13,14,117,20,10,14175,2.14,3794.0
5,394,4,6,10,13,11,117,16,4,12169,1.55,1844.0
5,395,4,7,10,13,14,94,11,4,12380,1.67,1559.0
5,396,4,7,10,12,9,145,16,11,12737,1.57,1684.0
5,397,4,6,10,10,8,95,15,4,13000,1.52,1199.0
5,398,7,4,8,14,11,187,13,10,15747,1.47,912.0
5,399,4,7,10,12,12,146,20,8,16871,1.57,2316.0
5,400,8,4,8,11,8,125,13,10,29390,1.42,1269.0
5,401,5,4,10,9,8,134,11,4,30128,1.48,530.0
5,402,7,4,8,12,12,187,13,10,15469,1.45,941.0
5,403,5,4,11,10,10,63,15,4,13560,1.69,1019.0
5,404,4,6,10,10,11,145,11,10,12034,1.57,1131.0
5,405,4,4,8,10,8,187,14,11,16118,1.27,685.0
5,406,4,4,8,12,11,169,13,12,15669,1.3,537.0
5,407,5,7,9,9,10,134,11,4,12926,1.49,701.0
5,408,5,5,8,13,8,187,13,5,30219,1.41,649.0
5,409,4,4,8,14,14,187,11,11,14863,1.3,649.0
5,410,4,7,10,13,12,117,11,5,16277,1.65,1459.0
5,411,6,4,9,9,13,133,12,9,19955,1.48,549.0
5,412,4,5,8,8,12,98,13,6,13878,1.36,692.0
5,413,4,5,10,9,13,150,13,10,12313,1.58,1146.0
5,414,4,4,8,10,8,187,19,11,16078,1.33,912.0
5,415,5,4,8,9,8,121,10,10,30369,1.34,355.0
5,416,4,4,9,14,12,187,13,5,13607,1.45,890.0
5,417,4,7,10,14,10,125,13,5,12264,1.54,1419.0
5,418,6,4,8,9,9,179,13,12,31208,1.35,482.0
5,419,4,4,11,14,11,146,13,12,14157,1.63,1097.0
5,420,4,5,8,14,8,187,11,11,15361,1.35,641.0
5,421,4,5,9,10,8,94,19,4,14560,1.38,1146.0
5,422,4,6,10,9,13,125,13,8,12193,1.63,1353.0
5,423,4,4,8,12,14,108,20,4,15645,1.4,1381.0
5,424,4,6,10,13,11,137,11,8,12257,1.52,1121.0
5,425,4,5,10,10,14,187,11,5,12433,1.53,933.0
5,426,5,6,11,14,12,112,11,5,12261,1.85,1250.0
5,427,4,4,10,10,11,121,11,4,14278,1.47,733.0
5,428,5,8,9,14,8,173,15,5,29811,1.48,1186.0
5,429,4,4,9,10,13,121,13,5,14592,1.4,636.0
5,430,5,4,8,10,8,125,11,4,29892,1.3,374.0
5,431,4,5,11,14,14,187,15,5,11977,1.84,1653.0
5,432,5,6,8,12,12,154,10,6,13356,1.43,595.0
5,433,4,8,12,14,12,171,16,10,11844,2.17,3288.0
5,434,4,4,12,9,12,187,10,10,12976,1.77,1127.0
5,435,5,8,8,14,8,171,14,11,30659,1.48,1149.0
5,436,4,4,9,12,8,69,13,12,15123,1.37,697.0
5,437,5,6,9,10,9,95,10,9,13705,1.47,619.0
5,438,5,4,8,14,12,187,10,10,14460,1.34,510.0
5,439,4,8,12,14,8,171,13,11,14099,1.95,2470.0
5,440,6,4,8,10,10,112,10,12,15858,1.33,407.0
5,441,4,6,10,9,13,169,13,11,12494,1.63,1361.0
5,442,4,4,9,10,14,187,19,11,14010,1.36,1105.0
5,443,5,6,10,10,8,150,11,5,29533,1.54,731.0
5,444,4,6,8,13,11,109,13,4,13004,1.42,890.0
5,445,6,4,8,9,12,154,16,5,22203,1.36,800.0
5,446,4,6,10,13,14,121,20,9,12303,1.54,2105.0
5,447,5,5,10,12,14,137,11,8,12373,1.61,838.0
5,448,4,4,8,9,12,169,13,12,15649,1.29,588.0
6,449,4,7,11,11,11,146,15,6,11988,1.74,1768.0
6,450,4,4,9,8,11,63,10,9,17493,1.39,500.0
6,451,5,6,10,10,12,134,16,4,12393,1.6,1219.0
6,452,4,7,8,13,13,145,11,5,12759,1.39,822.0
6,453,4,5,10,12,14,137,11,8,12415,1.59,1183.0
6,454,5,6,10,13,11,137,11,8,12823,1.55,902.0
6,455,4,6,10,12,14,137,11,8,12150,1.66,1427.0
6,456,4,4,9,11,11,125,10,8,20195,1.36,520.0
6,457,4,5,9,10,13,63,19,9,13381,1.47,1290.0
6,458,4,4,8,8,13,137,12,9,15836,1.32,501.0
6,459,6,7,8,12,12,133,13,6,21169,1.46,881.0
6,460,4,6,10,10,13,173,20,4,12202,1.55,2007.0
6,461,4,8,10,12,11,145,15,8,12238,1.64,1719.0
6,462,4,5,12,14,12,171,16,6,11946,2.03,2036.0
6,463,4,8,11,14,14,187,11,5,11762,1.94,2358.0
6,464,4,6,10,10,13,137,20,4,12122,1.55,2002.0
6,465,4,6,10,12,14,145,16,8,11991,1.6,1492.0
6,466,4,4,8,13,14,187,13,4,14695,1.36,712.0
6,467,4,7,10,9,8,117,16,10,12871,1.52,1583.0
6,468,4,4,10,12,11,95,13,8,13725,1.5,924.0
6,469,4,8,8,9,12,173,20,12,12955,1.45,1891.0
6,470,4,7,8,14,12,133,13,10,13159,1.41,984.0
6,471,5,8,12,14,12,171,10,12,11985,2.04,1896.0
6,472,4,5,8,14,8,187,14,11,15317,1.37,761.0
6,473,4,4,11,14,14,187,15,5,12908,1.74,1322.0
6,474,5,4,9,10,14,121,19,5,14371,1.39,1076.0
6,475,4,6,10,9,8,150,10,11,13089,1.5,888.0
6,476,6,8,8,10,8,125,11,11,29785,1.49,678.0
6,477,5,6,10,10,13,112,10,4,16378,1.57,813.0
6,478,4,4,8,9,12,169,12,12,15770,1.32,499.0
6,479,6,4,8,8,12,133,13,6,21593,1.35,498.0
6,480,5,4,10,9,11,173,20,8,13892,1.61,1542.0
6,481,4,8,8,12,8,121,10,10,14159,1.42,809.0
6,482,4,6,10,12,14,154,16,8,12092,1.6,1494.0
6,483,4,6,8,13,12,137,20,5,13063,1.47,1548.0
6,484,5,8,8,9,12,171,11,10,13173,1.45,678.0
6,485,5,7,9,14,10,134,10,4,12624,1.53,786.0
6,486,4,6,8,12,12,154,11,4,13144,1.41,755.0
6,487,5,6,10,13,11,94,10,6,12655,1.54,871.0
6,488,4,6,11,10,13,146,15,6,14792,1.83,1751.0
6,489,4,7,10,8,11,145,16,4,12156,1.6,1706.0
6,490,4,4,9,9,12,138,12,9,14999,1.36,568.0
6,491,4,5,8,8,13,133,20,6,13557,1.41,1490.0
6,492,4,5,10,10,14,134,11,4,12396,1.53,927.0
6,493,5,7,10,12,12,187,11,5,12619,1.68,1093.0
6,494,5,6,8,12,8,154,10,5,29402,1.4,523.0
6,495,5,4,9,9,12,121,10,6,19345,1.39,421.0
6,496,4,5,8,9,11,137,11,5,13690,1.34,542.0
6,497,4,6,12,11,14,160,20,8,14236,1.97,2866.0
6,498,4,6,12,13,12,154,16,10,11969,2.02,2213.0
6,499,4,6,10,10,11,145,20,9,12096,1.53,1946.0
6,500,4,5,9,9,13,138,11,10,12696,1.46,668.0
6,501,5,4,9,14,11,63,10,10,14037,1.37,505.0
6,502,4,4,8,11,12,187,13,10,14423,1.32,564.0
6,503,6,6,10,10,10,112,10,12,12857,1.59,745.0
6,504,4,5,8,13,11,94,11,4,13906,1.38,622.0
6,505,6,6,9,10,13,136,13,11,19046,1.54,814.0
6,506,6,6,10,10,14,181,10,5,17485,1.64,819.0
6,507,4,4,9,12,8,187,13,10,15519,1.38,710.0
6,508,5,4,8,9,8,69,10,9,30512,1.33,349.0
6,509,6,5,10,9,14,187,15,5,17859,1.66,1109.0
6,510,4,4,8,10,14,125,13,5,16067,1.29,613.0
6,511,5,5,8,13,13,187,11,4,13427,1.41,576.0
6,512,5,4,9,9,10,169,13,5,14468,1.44,528.0
6,513,4,4,8,9,8,121,10,12,16593,1.3,392.0
6,514,6,8,9,10,12,136,12,5,13035,1.58,945.0
6,515,4,6,9,14,14,134,13,11,12545,1.46,1118.0
6,516,5,4,8,10,8,112,10,9,30199,1.3,344.0
6,517,6,4,9,12,10,69,10,12,15340,1.47,536.0
6,518,4,4,8,14,12,171,13,11,15556,1.33,723.0
6,519,5,8,12,14,8,187,10,10,30002,1.98,1792.0
6,520,4,4,8,8,12,133,12,4,15633,1.32,487.0
6,521,4,4,8,10,13,125,13,6,15635,1.29,602.0
6,522,5,7,8,14,14,133,13,5,13178,1.55,1095.0
6,523,4,6,8,13,10,137,16,12,21177,1.38,962.0
6,524,4,4,8,10,14,187,11,4,14715,1.34,524.0
6,525,5,4,8,14,8,125,11,11,31019,1.28,467.0
6,526,5,7,9,12,11,187,11,4,12572,1.5,813.0
6,527,5,4,9,12,11,134,11,11,14615,1.42,499.0
7,528,4,4,8,14,14,187,13,10,14871,1.34,750.0
7,529,4,4,8,11,12,187,11,11,14461,1.32,528.0
7,530,5,5,11,12,10,150,10,10,12360,1.77,919.0
7,531,4,8,12,14,12,171,11,11,11900,2.03,2644.0
7,532,6,4,11,13,13,145,13,4,14103,1.76,935.0
7,533,4,6,8,10,10,125,15,4,20982,1.4,1144.0
7,534,4,6,10,10,14,137,20,8,12229,1.56,2046.0
7,535,4,6,10,12,13,145,16,4,11930,1.59,1457.0
7,536,4,4,10,12,8,187,11,8,13981,1.41,766.0
7,537,5,5,8,14,14,137,14,11,13598,1.49,894.0
7,538,5,5,12,14,14,187,11,5,12193,2.02,1410.0
7,539,4,8,11,14,12,171,11,10,11820,1.89,2171.0
7,540,4,5,9,9,13,69,10,9,13457,1.45,645.0
7,541,4,6,10,10,11,145,20,4,12035,1.53,1947.0
7,542,4,6,10,10,13,145,15,9,12150,1.56,1564.0
7,543,4,5,11,14,10,159,11,5,12087,1.75,1258.0
7,544,4,5,10,10,14,134,11,8,12473,1.53,927.0
7,545,4,6,10,12,14,137,20,4,12002,1.54,2079.0
7,546,4,6,8,13,11,94,11,4,13172,1.38,719.0
7,547,5,5,10,13,13,187,11,4,16709,1.61,876.0
7,548,5,4,9,12,13,125,11,4,14393,1.44,530.0
7,549,4,4,8,9,11,187,13,11,14748,1.31,512.0
7,550,4,4,8,12,14,187,20,8,14687,1.41,1389.0
7,551,4,6,10,9,8,137,13,10,13149,1.5,1083.0
7,552,6,8,8,14,12,109,13,11,19909,1.59,1144.0
7,553,4,4,9,9,11,134,12,4,19708,1.35,537.0
7,554,4,6,9,12,14,137,20,8,12488,1.49,1823.0
7,555,4,6,10,10,9,95,13,12,12622,1.53,1145.0
7,556,5,4,8,13,12,154,10,10,15267,1.33,449.0
7,557,4,6,8,14,12,187,16,5,13456,1.42,1392.0
7,558,5,4,8,14,14,134,13,11,15418,1.33,607.0
7,559,4,6,9,14,8,125,11,11,14465,1.43,885.0
7,560,5,6,10,12,11,145,11,10,12573,1.58,832.0
7,561,4,7,9,10,11,187,11,4,19578,1.51,968.0
7,562,4,4,8,12,8,150,11,12,17044,1.26,449.0
7,563,4,5,11,12,10,121,10,11,12354,1.75,1233.0
7,564,4,8,9,10,14,134,19,6,12583,1.56,1863.0
7,565,4,6,10,14,12,150,12,11,16966,1.59,1343.0
7,566,4,6,8,8,12,154,16,5,13092,1.37,861.0
7,567,4,4,8,13,12,133,12,4,15475,1.37,641.0
7,568,5,4,9,14,8,69,10,10,30346,1.37,532.0
7,569,5,4,8,9,11,63,10,9,18608,1.34,369.0
7,570,4,5,10,14,14,187,11,4,12196,1.63,1211.0
7,571,4,6,11,10,13,145,16,5,15024,1.79,1870.0
7,572,4,4,10,10,14,121,19,12,14286,1.47,1347.0
7,573,4,6,8,9,8,150,10,11,14437,1.36,536.0
7,574,5,6,11,10,10,145,10,9,12138,1.73,875.0
7,575,4,4,8,10,8,112,15,4,16830,1.26,629.0
7,576,5,6,8,10,11,125,11,9,20342,1.38,560.0
7,577,4,4,10,14,8,145,20,6,15000,1.44,1669.0
7,578,4,6,11,14,11,187,11,10,11913,1.71,1436.0
7,579,4,5,10,10,14,145,11,5,12083,1.53,927.0
7,580,4,6,10,11,11,187,13,4,12515,1.54,1237.0
7,581,4,4,8,13,12,94,11,10,15111,1.33,582.0
7,582,4,4,8,14,12,187,14,11,14422,1.29,725.0
7,583,5,4,8,14,8,187,10,10,30062,1.28,454.0
7,584,4,6,10,10,13,145,12,4,12019,1.54,1095.0
7,585,4,4,8,8,12,133,16,4,15524,1.27,668.0
7,586,4,7,8,12,11,137,11,5,13240,1.42,775.0
7,587,5,5,9,9,11,187,11,4,12966,1.52,563.0
7,588,4,4,8,14,11,137,13,8,15841,1.33,695.0
7,589,4,6,10,13,8,187,11,11,13495,1.47,1029.0
7,590,4,5,8,9,11,138,13,4,14157,1.33,660.0
7,591,6,4,9,9,13,109,11,10,19470,1.49,543.0
7,592,5,4,10,10,8,145,10,9,30590,1.44,560.0
7,593,4,6,10,10,12,112,17,4,16015,1.7,2080.0
7,594,5,5,8,12,14,125,13,8,14115,1.44,614.0
7,595,4,4,10,10,13,137,11,4,14075,1.49,784.0
7,596,4,5,8,14,14,137,11,11,14171,1.35,732.0
7,597,4,4,8,9,11,187,11,5,14684,1.33,475.0
7,598,5,4,8,10,10,134,10,12,15675,1.32,360.0
7,599,6,7,9,14,10,112,10,4,13538,1.58,848.0
7,600,6,4,8,13,11,109,16,4,15549,1.4,925.0
7,601,4,6,8,9,12,154,13,8,13338,1.37,803.0
7,602,4,8,8,9,12,171,16,10,12981,1.45,1156.0
7,603,4,4,12,14,12,169,13,12,13670,1.87,1635.0
7,604,4,8,12,14,12,171,13,11,11894,2.04,2731.0
7,605,4,5,11,14,14,171,16,5,11938,1.8,1803.0
7,606,5,4,12,14,8,59,11,10,30554,1.73,1013.0
8,607,4,5,8,12,8,150,11,12,14908,1.36,552.0
8,608,4,6,9,9,8,198,10,11,14821,1.37,700.0
8,609,5,6,8,12,12,73,10,6,13896,1.43,585.0
8,610,4,6,10,10,13,95,13,12,12467,1.58,1291.0
8,611,4,6,9,10,9,145,15,4,12985,1.47,1319.0
8,612,4,4,9,14,8,187,11,11,15318,1.3,650.0
8,613,5,4,8,12,11,187,14,11,21307,1.35,675.0
8,614,4,5,9,9,13,89,11,10,13596,1.45,663.0
8,615,4,4,8,13,13,134,10,12,15628,1.28,529.0
8,616,5,6,8,10,10,68,11,5,14166,1.37,534.0
8,617,4,6,11,10,13,145,16,4,14651,1.79,1867.0
8,618,4,6,10,10,10,145,15,4,11917,1.49,1409.0
8,619,5,5,12,12,14,137,10,8,12255,1.93,1170.0
8,620,4,4,8,13,14,154,11,5,16029,1.33,569.0
8,621,5,8,11,14,12,187,10,10,12241,1.93,1644.0
8,622,4,6,11,14,13,187,11,11,15483,1.84,1670.0
8,623,6,5,10,10,14,112,10,5,16596,1.67,811.0
8,624,4,5,9,8,11,187,11,4,19549,1.46,630.0
8,625,5,5,11,12,10,150,11,11,12378,1.77,933.0
8,626,4,6,10,10,14,150,19,4,12191,1.57,1709.0
8,627,4,6,10,12,14,137,20,11,12039,1.54,2078.0
8,628,4,4,11,10,12,145,14,4,13774,1.64,1021.0
8,629,4,6,8,14,10,187,15,11,22556,1.34,975.0
8,630,7,4,8,11,12,187,11,11,15039,1.4,671.0
8,631,4,4,8,8,12,187,12,10,14536,1.32,494.0
8,632,5,4,8,14,12,133,10,4,15444,1.33,502.0
8,633,4,4,8,14,10,134,14,11,21638,1.27,683.0
8,634,5,7,9,14,12,187,10,4,19574,1.54,857.0
8,635,4,4,8,12,14,187,14,4,14915,1.34,855.0
8,636,4,6,10,14,8,137,20,11,13137,1.61,1931.0
8,637,4,6,8,8,14,133,12,8,13359,1.38,687.0
8,638,4,4,9,12,12,137,20,4,14520,1.43,1485.0
8,639,4,6,11,10,8,145,15,10,12302,1.65,1407.0
8,640,4,5,9,9,13,138,11,4,12806,1.46,666.0
8,641,4,4,8,14,13,187,11,11,14558,1.28,620.0
8,642,4,4,8,9,14,125,13,4,16526,1.29,605.0
8,643,4,4,8,11,10,134,11,8,21690,1.29,478.0
8,644,5,4,8,10,12,187,10,12,14756,1.33,391.0
8,645,4,5,8,9,14,187,13,4,14122,1.38,746.0
8,646,4,8,11,14,11,138,11,5,11993,1.88,2096.0
8,647,6,6,10,14,13,112,16,11,12230,1.68,1836.0
8,648,4,6,9,10,14,134,13,11,12622,1.45,905.0
8,649,4,8,11,14,14,179,11,5,11690,1.94,2357.0
8,650,4,5,8,9,11,187,11,5,13741,1.35,548.0
8,651,5,6,10,10,9,95,13,5,12992,1.53,905.0
8,652,4,6,9,10,14,112,11,12,12671,1.46,826.0
8,653,4,4,12,14,12,171,16,4,13642,1.88,1658.0
8,654,5,8,8,8,12,133,10,10,13053,1.45,641.0
8,655,4,6,10,8,11,145,13,7,12033,1.53,1183.0
8,656,4,6,11,14,13,187,16,10,15521,1.8,2054.0
8,657,5,4,9,10,13,63,10,4,13895,1.45,508.0
8,658,4,6,11,9,14,184,16,10,12138,1.81,1898.0
8,659,4,8,11,14,10,171,11,11,11916,1.73,1832.0
8,660,4,5,11,12,12,150,11,10,12017,1.79,1223.0
8,661,5,6,8,14,14,171,11,10,13383,1.39,696.0
8,662,4,8,11,13,12,137,11,5,11962,1.81,1815.0
8,663,7,5,10,10,14,104,11,10,13187,1.71,939.0
8,664,5,8,12,14,12,171,10,5,11914,2.04,1893.0
8,665,5,6,12,14,12,154,16,10,12227,2.04,1827.0
8,666,4,8,8,8,12,171,10,5,12966,1.44,889.0
8,667,4,7,10,10,11,145,15,5,12281,1.61,1507.0
8,668,4,6,11,10,14,145,19,9,11818,1.85,2171.0
8,669,5,6,10,10,10,150,10,11,12303,1.56,754.0
9,670,5,6,10,10,10,150,19,11,12536,1.59,1433.0
9,671,4,6,10,10,14,150,10,11,12136,1.56,1101.0
9,672,5,4,10,10,8,145,11,4,29893,1.48,536.0
9,673,4,5,8,9,9,179,10,5,14446,1.32,475.0
9,674,7,6,8,12,12,60,11,6,14492,1.51,839.0
9,675,5,7,9,14,10,134,11,5,12732,1.62,1047.0
9,676,4,8,11,14,14,179,10,4,11554,1.88,2054.0
9,677,5,4,8,14,13,145,14,11,15608,1.34,620.0
9,678,4,6,10,10,12,187,16,4,16875,1.58,1354.0
9,679,4,4,8,10,10,150,10,9,22469,1.29,440.0
9,680,5,5,11,12,8,112,11,11,26974,1.68,860.0
9,681,5,7,8,12,12,154,10,6,13091,1.45,667.0
9,682,4,6,8,13,13,145,11,5,12970,1.39,764.0
9,683,4,6,11,10,11,94,11,9,12450,1.75,1237.0
9,684,4,6,10,13,14,145,19,4,11935,1.58,1782.0
9,685,4,4,11,14,11,187,11,10,12973,1.66,1051.0
9,686,4,6,8,12,12,187,13,10,13374,1.41,803.0
9,687,4,6,8,10,14,150,19,8,13325,1.34,1229.0
9,688,5,6,10,8,11,73,18,5,13093,1.69,1566.0
9,689,4,6,9,13,11,95,11,8,17564,1.44,818.0
9,690,4,6,10,10,9,137,13,12,12552,1.53,1152.0
9,691,5,6,9,9,11,187,11,11,13113,1.49,619.0
9,692,5,5,10,10,8,150,11,4,27464,1.53,639.0
9,693,5,4,11,10,10,63,10,9,13526,1.63,582.0
9,694,5,6,9,11,11,145,10,10,12875,1.47,608.0
9,695,4,4,8,9,8,150,11,11,17131,1.26,419.0
9,696,4,5,11,12,10,121,10,12,12309,1.75,1233.0
9,697,5,4,8,10,12,112,10,11,15282,1.32,382.0
9,698,4,4,8,14,8,187,14,9,15931,1.26,700.0
9,699,4,6,10,10,12,116,16,4,15846,1.57,1344.0
9,700,4,4,8,12,8,154,10,6,16958,1.32,498.0
9,701,5,6,8,14,12,187,14,11,13867,1.43,766.0
9,702,5,4,8,12,11,154,10,6,21595,1.38,452.0
9,703,5,6,9,11,12,63,10,10,17084,1.47,633.0
9,704,5,8,8,13,13,58,10,9,13776,1.48,806.0
9,705,5,4,8,10,8,187,11,4,30131,1.3,382.0
9,706,4,6,8,9,13,145,12,4,13066,1.4,699.0
9,707,4,4,10,10,8,121,10,12,14978,1.43,633.0
9,708,5,6,11,10,14,145,19,9,14912,1.89,1864.0
9,709,4,6,11,10,10,145,10,9,11939,1.69,1146.0
9,710,5,4,10,10,12,134,20,10,13994,1.62,1569.0
9,711,8,6,8,8,14,187,19,12,22972,1.57,3427.0
9,712,5,4,8,9,13,63,13,10,14710,1.31,440.0
9,713,4,4,9,11,11,125,10,4,19768,1.36,519.0
9,714,4,5,11,10,8,187,11,4,12442,1.63,907.0
9,715,5,4,8,14,14,125,11,5,15252,1.37,539.0
9,716,4,6,10,8,14,145,13,7,12133,1.64,1388.0
9,717,5,6,8,13,11,137,11,5,20422,1.46,693.0
9,718,4,6,10,14,13,138,11,8,12041,1.63,1376.0
9,719,4,5,9,13,11,137,11,4,18820,1.47,755.0
9,720,4,6,8,9,11,187,11,4,13942,1.35,655.0
9,721,4,4,10,13,11,94,11,5,13757,1.43,786.0
9,722,4,8,11,10,14,145,11,5,11912,1.85,1885.0
9,723,4,6,10,14,10,179,15,4,12394,1.6,1545.0
9,724,4,4,8,9,13,121,11,11,15499,1.34,508.0
9,725,4,4,8,14,8,187,10,12,15999,1.25,532.0
9,726,4,6,10,14,14,171,10,10,12258,1.63,1402.0
9,727,5,8,12,11,12,150,19,4,12005,2.41,3741.0
9,728,4,6,10,10,11,94,11,4,12493,1.57,1123.0
9,729,5,6,8,13,14,112,11,5,13112,1.41,656.0
9,730,4,4,9,9,11,187,13,11,19907,1.4,585.0
9,731,4,6,12,14,14,187,11,5,14619,2.05,2259.0
9,732,5,8,8,13,8,150,10,11,30123,1.43,647.0
9,733,4,6,8,9,12,133,10,10,13074,1.39,633.0
9,734,4,6,8,9,11,137,11,7,13286,1.35,649.0
9,735,4,5,10,8,11,145,13,5,12360,1.53,1009.0
9,736,4,4,8,9,8,187,13,11,15963,1.26,462.0
9,737,4,5,8,14,11,138,14,4,13724,1.39,817.0
9,738,4,7,10,10,13,145,11,11,12319,1.65,1432.0
9,739,4,6,12,11,14,150,19,12,14150,2.32,3829.0
9,740,5,4,8,10,14,145,11,12,15643,1.37,455.0
9,741,4,8,10,10,9,134,10,5,12471,1.56,1252.0
10,742,4,4,10,10,14,187,14,11,13236,1.49,1026.0
10,743,4,6,8,14,8,150,19,11,14495,1.37,1186.0
10,744,4,4,10,10,8,145,12,4,15001,1.44,671.0
10,745,5,6,8,10,14,125,11,6,13184,1.45,654.0
10,746,5,4,8,13,11,187,10,4,21365,1.38,486.0
10,747,4,7,9,12,13,134,11,12,12479,1.53,1104.0
10,748,4,4,8,14,8,187,10,5,15703,1.25,529.0
10,749,4,5,8,9,11,137,11,12,13942,1.34,545.0
10,750,4,4,8,14,8,112,10,9,16529,1.24,522.0
10,751,5,4,8,10,8,187,10,12,30292,1.31,353.0
10,752,5,6,9,10,8,112,11,9,29646,1.44,615.0
10,753,4,4,8,10,14,112,10,12,15623,1.33,508.0
10,754,4,4,8,9,8,179,11,5,16759,1.26,420.0
10,755,5,5,8,10,11,112,10,9,20052,1.35,431.0
10,756,5,6,8,9,12,133,10,10,13395,1.42,537.0
10,757,4,6,8,12,12,154,10,6,13060,1.39,686.0
10,758,4,6,8,9,8,94,13,10,14543,1.36,630.0
10,759,4,4,8,13,11,187,11,4,14648,1.35,558.0
10,760,4,4,8,14,8,187,14,8,15904,1.26,700.0
10,761,4,5,11,9,8,150,11,5,12558,1.62,890.0
10,762,4,4,8,10,8,112,10,11,16737,1.26,409.0
10,763,5,6,8,9,8,150,10,9,29662,1.34,454.0
10,764,5,4,9,14,12,63,10,12,17308,1.43,540.0
10,765,5,4,8,10,11,100,17,10,20088,1.31,707.0
10,766,4,5,11,14,8,121,11,12,12526,1.64,1133.0
10,767,4,4,8,9,14,187,10,5,15034,1.3,475.0
10,768,5,6,9,10,13,187,11,4,13021,1.5,662.0
10,769,4,7,10,12,11,145,12,4,12139,1.59,1267.0
10,770,4,6,10,13,14,137,11,8,12092,1.59,1307.0
10,771,4,5,10,10,11,145,11,5,12288,1.53,866.0
10,772,4,6,10,10,14,145,19,11,11989,1.57,1708.0
10,773,6,6,10,10,13,150,16,11,12464,1.77,1498.0
10,774,4,6,11,10,14,179,19,8,12151,1.86,2176.0
10,775,4,8,8,10,14,150,11,4,13180,1.47,1075.0
10,776,4,4,8,10,9,150,10,11,16361,1.28,425.0
10,777,5,4,8,9,8,112,11,11,30667,1.28,375.0
10,778,4,6,10,10,14,150,11,11,11952,1.59,1234.0
10,779,4,6,11,14,11,187,19,10,12045,1.84,2082.0
10,780,5,7,8,14,11,63,13,12,18507,1.5,1013.0
10,781,5,4,9,10,12,187,10,10,19391,1.44,498.0
10,782,4,6,8,8,12,154,16,4,13378,1.37,862.0
10,783,4,6,10,10,13,145,16,5,12127,1.58,1380.0
10,784,5,5,10,14,14,112,11,5,12777,1.65,957.0
10,785,4,6,11,10,14,187,11,5,12166,1.78,1370.0
10,786,4,4,8,10,9,150,11,8,16295,1.31,455.0
10,787,4,6,8,9,14,137,19,7,13603,1.35,1223.0
10,788,5,5,8,13,13,187,11,7,13421,1.41,576.0
10,789,4,4,8,9,13,187,11,12,14534,1.34,516.0
10,790,4,4,8,14,13,67,11,11,14795,1.27,605.0
10,791,4,4,8,13,8,187,14,11,15938,1.32,641.0
10,792,4,6,9,10,10,150,11,11,12689,1.46,755.0
10,793,4,5,11,12,14,134,13,11,12226,1.81,1379.0
10,794,4,6,11,10,13,145,16,9,14862,1.79,1868.0
10,795,4,6,10,10,10,145,10,4,12296,1.53,962.0
10,796,4,6,8,9,10,125,10,9,21091,1.37,567.0
10,797,5,4,11,10,13,145,13,4,13805,1.76,868.0
10,798,5,4,8,12,11,187,10,11,21322,1.38,457.0
10,799,4,4,9,9,8,121,11,12,16391,1.34,500.0
10,800,4,6,11,14,14,134,13,11,12018,1.84,1772.0
10,801,5,7,9,12,12,171,11,4,19504,1.56,929.0
10,802,5,8,12,14,11,187,10,10,12578,2.02,1835.0
11,803,4,6,9,10,14,134,10,11,12724,1.47,809.0
11,804,4,4,8,14,8,112,13,9,16586,1.26,653.0
11,805,5,6,9,8,10,145,10,7,12933,1.49,573.0
11,806,4,7,10,14,11,134,13,4,12191,1.56,1473.0
11,807,4,6,10,10,14,187,19,11,12413,1.57,1714.0
11,808,4,5,11,14,14,150,11,5,12000,1.83,1446.0
11,809,5,8,8,8,13,63,13,10,13875,1.47,755.0
11,810,5,4,8,9,12,133,10,10,15586,1.33,387.0
11,811,5,4,8,10,8,125,15,4,29774,1.3,585.0
11,812,4,5,11,13,13,150,11,11,14963,1.79,1299.0
11,813,5,5,8,12,10,187,11,7,13791,1.4,479.0
11,814,4,6,10,14,10,145,10,4,12309,1.53,1197.0
11,815,5,6,10,14,10,171,15,10,12670,1.63,1207.0
11,816,4,8,12,10,12,145,19,4,11997,2.38,4743.0
11,817,4,6,8,12,11,94,11,11,13153,1.4,704.0
11,818,4,5,11,8,10,150,17,4,12063,1.86,1916.0
11,819,4,6,8,14,11,187,11,11,13680,1.39,788.0
11,820,4,4,11,9,8,187,13,10,13226,1.61,819.0
11,821,5,4,9,14,8,63,10,10,30142,1.37,531.0
11,822,4,4,8,10,11,112,10,11,15621,1.29,446.0
11,823,4,6,10,8,14,150,13,7,12116,1.64,1389.0
11,824,4,6,10,10,11,145,19,11,12052,1.57,1627.0
11,825,4,4,8,11,13,67,11,10,14827,1.32,526.0
11,826,5,6,9,14,11,145,10,11,12556,1.52,734.0
11,827,4,6,9,14,14,158,20,11,12434,1.55,1730.0
11,828,4,4,8,13,12,138,17,8,15573,1.32,973.0
11,829,4,5,8,9,11,187,14,11,14001,1.4,814.0
11,830,5,7,12,14,12,64,10,10,13135,2.01,1653.0
11,831,5,6,11,10,10,150,10,11,12242,1.73,876.0
11,832,4,6,8,9,8,145,10,9,14618,1.36,535.0
11,833,5,6,8,10,14,63,19,10,13993,1.37,1179.0
11,834,4,4,8,9,13,150,13,8,15466,1.29,595.0
11,835,4,6,10,13,11,138,11,8,12059,1.52,1121.0
11,836,4,5,9,9,13,137,11,10,12989,1.46,668.0
11,837,5,5,12,9,11,171,10,10,13104,1.94,1037.0
11,838,4,8,8,14,12,179,11,5,12714,1.46,1043.0
11,839,4,6,8,10,10,150,19,9,22025,1.39,1109.0
11,840,4,6,11,10,14,145,10,8,11794,1.77,1349.0
11,841,4,8,10,12,14,54,10,12,13042,1.62,1536.0
11,842,4,6,11,14,14,112,11,4,12033,1.84,1699.0
11,843,4,6,8,9,8,154,13,10,14770,1.36,637.0
11,844,4,4,8,11,14,187,17,6,14876,1.3,885.0
11,845,5,6,10,10,10,145,10,11,12385,1.56,753.0
11,846,4,6,10,10,10,150,15,4,12315,1.49,1409.0
11,847,4,7,8,12,12,112,10,9,13289,1.38,765.0
11,848,4,4,8,13,8,145,11,5,16678,1.3,503.0
11,849,5,6,8,10,13,154,16,4,13174,1.46,951.0
11,850,4,6,10,12,12,145,10,6,16794,1.57,1166.0
11,851,5,6,8,10,12,154,10,5,13512,1.41,543.0
11,852,4,6,11,8,10,145,16,9,11976,1.79,1761.0
11,853,5,6,10,10,8,112,10,9,29503,1.52,710.0
11,854,5,4,8,10,10,150,10,11,16248,1.32,362.0
11,855,4,8,8,14,13,179,11,4,12710,1.47,1082.0
11,856,4,4,11,14,14,187,10,11,12886,1.74,1196.0
11,857,5,4,10,12,10,150,10,11,14305,1.46,582.0
11,858,5,6,9,10,11,187,11,11,13147,1.5,632.0
11,859,5,6,11,14,14,154,10,5,14933,1.86,1296.0
11,860,5,6,10,11,8,111,10,5,29126,1.49,758.0
11,861,4,6,9,13,11,94,11,10,17723,1.44,819.0
11,862,5,4,8,9,13,63,13,4,14912,1.31,440.0
11,863,4,6,10,13,11,94,11,10,12522,1.51,1116.0
11,864,4,4,8,14,8,187,13,5,16016,1.27,661.0
11,865,4,4,11,9,8,134,10,12,14633,1.56,695.0
11,866,4,6,9,10,14,112,11,11,12617,1.46,825.0
11,867,4,6,10,10,14,150,11,12,12108,1.59,1235.0
11,868,4,6,10,10,14,145,11,9,12013,1.59,1232.0
11,869,5,6,11,12,14,112,19,5,14825,1.88,1852.0
11,870,5,6,12,14,8,112,10,4,28851,1.85,1317.0
11,871,4,4,8,10,13,145,12,9,15922,1.32,515.0
11,872,4,7,8,14,12,187,11,11,12804,1.39,924.0
11,873,5,4,9,12,11,187,14,4,13761,1.43,594.0
11,874,5,6,8,10,13,145,11,4,13317,1.43,617.0
11,875,4,4,10,10,8,125,12,4,15132,1.44,669.0
11,876,5,4,8,10,8,145,10,9,30412,1.31,348.0
11,877,4,6,10,10,13,112,12,4,12107,1.53,1090.0
11,878,4,6,10,10,14,137,11,7,12081,1.59,1230.0
11,879,4,6,8,9,11,150,19,11,13379,1.35,1129.0
11,880,4,6,11,10,14,187,10,5,12061,1.78,1353.0
11,881,4,4,8,14,8,145,19,9,17033,1.3,1031.0
12,882,4,6,10,8,11,94,11,7,12455,1.53,998.0
12,883,4,6,10,13,11,145,13,4,12020,1.56,1178.0
12,884,4,6,10,8,10,145,13,7,12339,1.52,1146.0
12,885,5,6,10,10,11,145,10,11,12531,1.57,775.0
12,886,4,4,8,14,9,112,10,9,16258,1.27,543.0
12,887,4,4,8,10,8,150,10,11,16940,1.27,414.0
12,888,4,8,11,14,14,63,10,10,12817,1.87,2045.0
12,889,5,4,8,9,13,179,13,4,15253,1.32,453.0
12,890,4,4,8,14,8,138,14,9,17087,1.26,695.0
12,891,4,4,8,14,12,187,10,11,14207,1.33,619.0
12,892,5,8,8,10,8,112,10,9,30130,1.46,633.0
12,893,4,5,8,12,10,187,11,4,22214,1.38,608.0
12,894,5,6,10,10,13,145,12,7,16940,1.61,958.0
12,895,5,4,11,10,10,145,10,12,13750,1.63,593.0
12,896,4,6,8,10,10,134,10,9,21312,1.34,621.0
12,897,4,8,10,8,11,94,10,10,12464,1.58,1323.0
12,898,8,6,8,13,12,133,11,4,14614,1.57,1529.0
12,899,4,6,8,10,13,137,12,5,13122,1.38,706.0
12,900,4,5,10,9,11,145,11,4,12411,1.52,852.0
12,901,4,6,8,9,11,187,10,10,13984,1.39,592.0
12,902,5,6,11,14,10,189,10,9,12632,1.72,1089.0
12,903,5,4,9,10,11,183,20,10,13917,1.5,1423.0
12,904,4,4,10,13,11,94,11,4,13810,1.43,786.0
12,905,5,6,8,10,8,112,10,9,29907,1.34,463.0
12,906,4,5,10,10,13,145,16,4,12137,1.57,1223.0
12,907,4,6,8,9,14,187,10,5,14241,1.36,638.0
12,908,5,4,10,10,14,112,10,5,13818,1.57,687.0
12,909,4,6,8,10,11,112,11,11,13074,1.34,643.0
12,910,5,7,8,13,10,187,18,5,13091,1.48,1511.0
12,911,5,5,9,12,11,187,11,4,12853,1.49,592.0
12,912,4,5,8,10,8,112,11,10,14597,1.32,512.0
12,913,4,4,9,9,13,138,10,11,14982,1.36,518.0
12,914,5,6,10,10,13,150,10,11,16599,1.58,819.0
12,915,4,6,10,10,10,145,12,4,12026,1.53,1004.0
12,916,4,6,11,10,14,179,11,9,12192,1.78,1369.0
12,917,4,8,10,14,14,145,10,4,12153,1.68,1824.0
12,918,5,6,8,12,8,112,10,11,29638,1.4,520.0
12,919,5,4,8,9,12,154,11,6,15495,1.35,428.0
12,920,4,6,8,14,13,187,11,10,13719,1.35,815.0
12,921,4,4,11,14,11,187,11,11,13064,1.66,1051.0
12,922,5,4,8,9,13,138,11,10,15426,1.36,437.0
12,923,4,5,9,9,13,63,13,4,13629,1.46,776.0
12,924,4,6,8,13,13,145,11,10,13032,1.39,766.0
12,925,4,5,9,9,13,138,11,5,12896,1.46,666.0
12,926,4,7,11,13,10,145,11,9,11997,1.81,1663.0
12,927,4,6,8,10,13,145,10,5,12959,1.41,743.0
12,928,4,7,11,12,10,150,11,4,12123,1.81,1632.0
12,929,5,5,9,12,11,187,11,11,13043,1.49,594.0
12,930,5,4,10,11,11,63,19,10,13615,1.47,1165.0
12,931,4,4,10,8,9,145,10,12,14794,1.45,645.0
12,932,4,6,8,10,11,150,13,11,13325,1.4,697.0
12,933,5,6,11,10,14,145,10,7,14881,1.81,1020.0
12,934,4,6,9,8,10,145,10,8,12782,1.46,699.0
12,935,4,6,10,10,8,187,12,4,13385,1.51,933.0
12,936,4,4,8,14,13,145,10,5,15254,1.33,626.0
12,937,4,6,9,14,11,74,15,6,16987,1.45,1118.0
12,938,4,6,10,10,11,187,11,4,12586,1.58,1135.0
13,939,4,5,9,12,11,138,11,4,18784,1.44,699.0
13,940,5,7,8,9,11,187,13,4,21448,1.45,676.0
13,941,7,4,8,10,8,112,11,11,30354,1.38,630.0
13,942,4,8,11,14,14,179,11,4,11665,1.94,2357.0
13,943,4,6,10,13,11,94,10,4,12305,1.51,1075.0
13,944,5,6,12,10,8,51,10,11,29833,1.86,1185.0
13,945,4,4,8,9,12,77,10,10,15443,1.29,437.0
13,946,4,5,11,10,14,145,11,5,12029,1.73,1119.0
13,947,4,6,10,14,11,187,11,10,12489,1.56,1261.0
13,948,4,5,8,12,8,150,11,11,15007,1.36,552.0
13,949,4,4,11,9,10,187,13,10,13046,1.6,838.0
13,950,4,6,10,10,10,150,12,4,12331,1.53,1005.0
13,951,5,4,8,14,8,145,10,5,29927,1.28,448.0
13,952,4,6,9,8,10,187,10,7,13363,1.46,704.0
13,953,4,6,8,14,8,145,10,5,14426,1.32,689.0
13,954,4,4,8,10,13,187,10,5,14180,1.33,501.0
13,955,5,6,11,10,14,145,10,8,14899,1.81,1020.0
13,956,5,4,8,13,8,145,11,5,30017,1.31,484.0
13,957,4,6,8,10,13,125,11,4,12860,1.41,761.0
13,958,4,6,8,9,13,125,11,4,12858,1.41,766.0
13,959,4,4,8,10,11,112,13,11,15678,1.3,510.0
13,960,4,5,8,9,11,137,12,5,13906,1.38,559.0
13,961,4,6,10,10,10,145,11,4,12202,1.49,1004.0
13,962,4,5,8,9,13,134,11,12,13639,1.39,637.0
13,963,5,4,9,10,10,138,10,4,14628,1.41,454.0
13,964,4,6,8,9,10,145,10,10,21837,1.37,570.0
13,965,4,6,11,10,12,133,10,9,12084,1.76,1266.0
13,966,5,6,8,10,14,63,11,9,14213,1.45,648.0
13,967,4,4,10,9,13,145,13,10,14360,1.46,820.0
13,968,4,4,8,10,8,187,13,11,16146,1.26,470.0
13,969,4,4,8,9,8,112,10,11,16600,1.3,390.0
13,970,5,4,9,14,11,179,10,10,14026,1.38,519.0
13,971,4,7,8,9,13,145,11,11,13110,1.4,775.0
13,972,5,4,8,13,8,112,11,5,29913,1.3,480.0
13,973,4,6,11,10,14,150,10,8,11786,1.77,1350.0
13,974,4,4,10,9,13,112,12,11,14334,1.53,853.0
13,975,4,6,8,10,11,145,10,4,13074,1.35,638.0
13,976,4,4,11,10,10,112,10,11,13850,1.59,749.0
13,977,4,6,8,10,8,145,10,9,14628,1.36,603.0
13,978,5,6,8,8,8,121,11,4,29521,1.39,519.0
13,979,4,4,8,9,13,145,10,12,15550,1.3,457.0
13,980,4,4,8,9,11,112,11,9,15764,1.32,467.0
13,981,4,5,8,14,8,179,10,5,14730,1.32,622.0
13,982,4,4,8,10,14,134,10,11,16369,1.34,510.0
13,983,4,6,9,10,9,150,13,5,12880,1.43,779.0
13,984,4,6,10,10,8,112,10,11,12789,1.49,886.0
13,985,5,4,8,14,10,150,10,9,15988,1.3,461.0
13,986,4,6,11,10,14,145,13,8,11837,1.77,1428.0
13,987,8,4,8,9,9,187,10,11,31382,1.42,1109.0
13,988,5,6,8,10,13,145,11,7,13222,1.43,618.0
13,989,4,5,8,12,10,187,10,5,22522,1.32,534.0
13,990,5,6,8,8,12,63,10,5,14171,1.41,515.0
13,991,5,4,9,11,11,154,10,10,14491,1.37,441.0
13,992,5,4,8,9,8,112,10,9,30872,1.33,354.0
13,993,5,4,8,10,8,112,11,11,30718,1.29,375.0
13,994,4,4,8,10,13,187,11,11,14344,1.34,526.0
13,995,4,4,8,14,9,150,10,11,16168,1.28,548.0
13,996,4,6,9,10,12,134,13,10,12373,1.45,864.0
13,997,5,6,9,12,12,154,10,6,19138,1.47,671.0
13,998,4,4,9,11,11,122,17,8,19376,1.37,978.0
13,999,5,4,8,14,8,187,10,5,29937,1.28,453.0
13,1000,4,4,8,14,12,187,12,10,14301,1.28,637.0
13,1001,4,6,11,14,11,187,14,11,12155,1.76,1815.0
13,1002,4,4,11,14,14,179,10,11,13773,1.74,1195.0
13,1003,4,8,8,14,12,187,14,4,12776,1.54,1547.0
13,1004,4,6,8,10,11,145,11,5,13265,1.35,645.0
13,1005,4,5,11,9,10,137,10,9,12283,1.66,939.0
13,1006,4,8,12,13,14,179,13,4,14014,2.06,2734.0
14,1007,4,6,11,10,14,145,10,11,11832,1.77,1350.0
14,1008,5,6,10,10,10,150,10,8,12488,1.56,754.0
14,1009,4,5,8,9,11,145,10,5,13563,1.34,505.0
14,1010,5,6,9,11,11,137,11,10,12633,1.47,631.0
14,1011,4,6,10,10,14,150,11,4,11946,1.59,1232.0
14,1012,4,5,10,10,10,145,12,6,12390,1.52,850.0
14,1013,4,6,8,9,10,187,10,9,22760,1.38,575.0
14,1014,4,4,11,10,8,145,13,10,14279,1.61,822.0
14,1015,4,6,8,14,8,187,10,5,15296,1.33,696.0
14,1016,4,4,10,10,13,145,16,4,14174,1.55,1230.0
14,1017,4,6,8,10,14,112,10,8,13169,1.41,770.0
14,1018,4,6,10,10,14,150,11,5,12085,1.59,1232.0
14,1019,4,5,10,10,14,145,19,11,12148,1.56,1533.0
14,1020,4,8,11,14,10,179,11,7,11778,1.73,1831.0
14,1021,5,5,8,12,14,187,10,4,13507,1.42,525.0
14,1022,5,4,8,10,8,150,11,11,30739,1.3,379.0
14,1023,5,6,10,9,14,112,18,5,12218,1.71,1690.0
14,1024,4,6,8,10,12,77,10,10,13749,1.39,714.0
14,1025,4,4,8,9,11,112,11,11,15944,1.32,469.0
14,1026,5,4,8,13,12,77,10,4,14680,1.32,438.0
14,1027,4,4,8,9,8,125,11,10,17221,1.26,415.0
14,1028,4,4,8,10,8,187,12,10,16115,1.28,457.0
14,1029,4,6,10,9,13,145,13,4,12170,1.63,1355.0
14,1030,4,6,8,10,14,145,11,11,13281,1.42,788.0
14,1031,4,4,10,10,9,150,10,9,14697,1.44,652.0
14,1032,4,4,10,9,14,145,11,5,14273,1.46,734.0
14,1033,5,5,8,10,13,63,13,10,14202,1.42,624.0
14,1034,4,4,8,10,13,145,12,4,15440,1.32,515.0
14,1035,5,6,10,10,12,125,11,4,12243,1.57,803.0
14,1036,4,6,10,10,14,112,10,5,12162,1.55,1094.0
14,1037,4,4,8,14,8,145,10,9,17074,1.25,526.0
14,1038,4,6,11,10,10,112,20,9,12141,1.66,2052.0
14,1039,4,8,11,9,13,179,10,4,14898,1.83,1791.0
14,1040,4,6,8,14,14,125,11,4,13221,1.35,823.0
14,1041,4,6,11,14,11,95,11,10,12361,1.7,1423.0
14,1042,5,6,10,10,10,145,20,4,12433,1.72,1887.0
14,1043,4,6,11,10,10,145,15,9,12037,1.69,1516.0
14,1044,4,4,8,9,8,112,11,11,16853,1.26,414.0
14,1045,5,4,8,11,12,187,13,10,15106,1.36,550.0
14,1046,5,6,11,14,14,145,10,4,14993,1.86,1295.0
14,1047,4,8,11,10,10,179,10,9,11927,1.81,1629.0
14,1048,4,4,8,10,14,150,19,11,16392,1.29,1044.0
14,1049,4,6,10,14,12,187,12,10,17297,1.6,1347.0
14,1050,5,4,8,10,13,108,10,9,15011,1.32,390.0
14,1051,4,6,12,10,10,88,10,11,13106,1.9,1618.0
14,1052,5,4,11,9,13,63,12,12,13373,1.67,684.0
14,1053,5,7,8,12,10,187,11,7,13039,1.44,629.0
14,1054,4,6,9,10,14,112,11,4,12648,1.46,823.0
14,1055,4,6,8,9,13,125,11,11,13063,1.41,768.0
14,1056,4,4,9,11,12,187,13,10,13918,1.41,653.0
14,1057,5,7,10,12,11,187,11,4,12484,1.66,1047.0
15,1058,4,8,8,14,13,179,10,7,12768,1.44,1027.0
15,1059,4,6,8,14,12,154,10,6,13259,1.38,818.0
15,1060,4,4,8,12,8,187,10,5,15789,1.33,501.0
15,1061,5,6,9,11,11,187,11,10,13177,1.48,637.0
15,1062,5,5,8,12,10,145,10,7,13962,1.35,453.0
15,1063,4,6,11,8,10,145,10,7,12037,1.69,1125.0
15,1064,5,6,9,10,13,145,10,9,12603,1.54,744.0
15,1065,4,6,11,10,11,187,11,8,12166,1.76,1248.0
15,1066,4,6,11,14,14,145,10,10,11714,1.83,1705.0
15,1067,4,6,8,10,13,125,10,9,12921,1.41,743.0
15,1068,4,4,11,10,10,145,13,4,13862,1.59,840.0
15,1069,5,7,12,12,14,187,11,11,12058,2.08,1710.0
15,1070,4,6,9,10,11,112,11,4,17832,1.47,771.0
15,1071,5,6,11,10,8,145,10,9,28908,1.7,834.0
15,1072,5,4,8,10,10,112,10,9,15346,1.31,357.0
15,1073,4,5,11,9,10,145,10,9,12104,1.66,939.0
15,1074,4,6,9,10,12,138,11,4,12541,1.48,819.0
15,1075,4,5,11,13,10,145,11,5,12099,1.71,1165.0
15,1076,4,7,8,12,13,150,11,11,12680,1.42,855.0
15,1077,5,4,12,10,8,112,10,11,31376,1.77,829.0
15,1078,5,6,8,12,12,125,10,6,13236,1.43,591.0
15,1079,5,8,10,10,12,154,11,4,12406,1.64,1084.0
15,1080,4,7,11,13,14,179,11,5,11955,1.86,1898.0
15,1081,4,8,8,14,13,145,10,4,12527,1.44,1022.0
15,1082,4,8,8,9,10,179,11,7,23321,1.42,802.0
15,1083,4,6,11,14,13,125,11,4,14604,1.84,1659.0
15,1084,5,6,10,9,14,112,11,11,12283,1.58,850.0
15,1085,4,4,8,10,8,150,19,11,17195,1.32,908.0
15,1086,4,7,10,10,14,150,11,4,12289,1.66,1479.0
15,1087,5,6,8,12,10,187,11,7,13983,1.42,543.0
15,1088,4,6,8,14,13,67,10,8,13670,1.38,826.0
15,1089,4,4,11,10,14,145,11,11,14030,1.65,887.0
15,1090,5,6,11,10,14,112,10,9,14966,1.8,1017.0
15,1091,4,4,8,10,8,150,10,8,17097,1.27,412.0
15,1092,5,5,8,9,11,145,10,5,20402,1.37,416.0
15,1093,4,4,11,9,8,112,11,11,14110,1.58,729.0
15,1094,4,6,10,12,13,154,10,4,12094,1.57,1202.0
15,1095,5,6,8,10,12,145,12,6,13343,1.42,569.0
15,1096,5,6,8,9,13,63,10,4,14159,1.42,540.0
15,1097,5,4,9,14,11,145,13,11,14760,1.43,720.0
15,1098,5,6,9,11,13,63,16,4,13608,1.6,1234.0
15,1099,4,4,10,10,11,145,10,10,14335,1.44,683.0
15,1100,4,6,8,9,12,150,10,10,13374,1.39,635.0
15,1101,5,6,8,10,12,133,10,8,13318,1.41,541.0
15,1102,5,5,10,10,14,150,11,4,12328,1.57,728.0
15,1103,4,6,9,9,11,187,11,4,19841,1.48,767.0
15,1104,5,6,8,10,8,112,11,9,29772,1.38,539.0
15,1105,4,5,11,12,10,112,10,11,12364,1.75,1231.0
15,1106,5,4,8,10,12,150,11,11,15969,1.35,437.0
15,1107,4,7,8,14,8,112,10,9,14115,1.32,737.0
15,1108,4,4,8,11,12,197,16,12,14418,1.29,716.0
15,1109,4,6,10,8,10,145,15,4,12195,1.49,1379.0
15,1110,5,6,8,10,9,138,11,5,14834,1.36,530.0
15,1111,4,4,10,13,13,187,10,8,13062,1.46,809.0
15,1112,4,6,11,14,11,112,11,4,12103,1.7,1423.0
15,1113,4,8,8,10,14,179,10,11,12941,1.44,889.0
15,1114,4,6,10,10,14,145,10,11,11928,1.56,1100.0
15,1115,5,6,11,10,10,150,10,8,12352,1.73,876.0
15,1116,4,6,10,9,11,138,13,4,12232,1.53,1190.0
15,1117,4,5,8,10,13,145,12,4,13302,1.39,627.0
15,1118,5,5,8,10,8,125,11,4,27832,1.35,458.0
15,1119,4,4,9,10,8,112,11,11,16393,1.33,507.0
15,1120,5,6,8,10,14,125,11,4,13081,1.45,653.0
16,1121,4,8,11,14,9,179,10,4,11902,1.83,1774.0
16,1122,4,4,8,9,11,187,11,10,14520,1.33,477.0
16,1123,5,6,11,14,13,63,13,10,13207,1.89,1467.0
16,1124,4,7,8,12,11,187,10,4,12757,1.39,732.0
16,1125,5,7,9,14,8,112,11,9,30573,1.57,1056.0
16,1126,6,6,8,8,12,138,10,10,20734,1.48,610.0
16,1127,4,6,10,13,11,145,11,8,12067,1.52,1121.0
16,1128,4,8,10,8,14,179,10,4,12190,1.63,1488.0
16,1129,4,6,11,14,10,179,11,7,12020,1.69,1414.0
16,1130,5,7,9,12,11,138,11,4,12523,1.5,806.0
16,1131,4,6,9,10,12,187,11,4,12768,1.48,825.0
16,1132,4,6,10,13,13,145,11,5,11887,1.57,1268.0
16,1133,4,7,8,10,13,145,12,4,12856,1.4,856.0
16,1134,5,4,9,9,8,112,10,7,30353,1.37,411.0
16,1135,5,6,8,8,10,145,11,11,13744,1.37,527.0
16,1136,4,8,11,10,14,179,11,7,11691,1.86,1891.0
16,1137,4,5,10,14,10,145,11,5,12420,1.52,1034.0
16,1138,4,6,10,10,10,145,19,11,12393,1.55,1586.0
16,1139,4,6,11,14,11,187,15,10,12138,1.8,1809.0
16,1140,4,6,10,10,14,145,10,5,12080,1.56,1098.0
16,1141,4,8,10,10,14,145,11,4,12320,1.68,1686.0
16,1142,4,6,10,8,10,145,10,4,12260,1.53,952.0
16,1143,4,5,8,14,8,112,15,8,14738,1.42,1117.0
16,1144,4,7,10,9,11,138,11,4,12193,1.55,1187.0
16,1145,5,6,12,10,14,130,13,5,12133,1.98,1419.0
16,1146,5,4,8,14,14,145,10,9,15337,1.36,529.0
16,1147,4,6,11,10,10,112,10,10,12238,1.68,1142.0
16,1148,5,4,9,9,11,187,10,5,13995,1.38,405.0
16,1149,4,4,8,11,14,169,10,10,16103,1.3,496.0
16,1150,5,6,8,14,10,145,10,9,13406,1.38,605.0
16,1151,4,4,11,10,11,145,10,4,13845,1.61,776.0
16,1152,4,4,8,9,9,150,13,11,16586,1.28,482.0
16,1153,4,4,8,10,8,187,10,11,16035,1.27,418.0
16,1154,4,4,8,10,14,150,11,11,16582,1.33,522.0
16,1155,5,5,10,10,8,112,10,4,27219,1.5,678.0
16,1156,4,5,8,10,13,145,10,5,13452,1.38,615.0
16,1157,5,4,8,12,10,187,10,7,15048,1.37,443.0
16,1158,4,6,10,11,10,145,15,4,12240,1.49,1424.0
16,1159,4,4,8,9,8,145,11,5,16939,1.26,416.0
16,1160,5,5,8,10,11,125,10,4,20290,1.36,431.0
16,1161,5,5,8,10,8,125,11,5,28117,1.35,459.0
16,1162,4,4,8,9,11,179,11,4,15486,1.33,475.0
16,1163,4,5,10,10,11,187,11,4,12460,1.54,871.0
16,1164,5,5,9,9,14,145,11,5,12751,1.53,607.0
16,1165,4,4,8,9,12,77,10,11,15311,1.29,437.0
16,1166,4,7,8,10,8,196,10,10,14535,1.39,702.0
16,1167,5,6,10,10,13,125,12,4,16627,1.61,955.0
16,1168,4,6,8,12,12,145,10,6,13058,1.39,685.0
16,1169,4,4,8,10,14,145,10,10,16189,1.34,512.0
16,1170,4,6,11,10,8,187,12,8,12581,1.7,1150.0
16,1171,4,4,8,10,10,187,11,4,21902,1.32,475.0
16,1172,5,7,8,12,13,125,13,7,13406,1.47,771.0
16,1173,5,4,8,12,8,112,10,9,29935,1.34,421.0
16,1174,5,5,8,10,10,187,11,7,13929,1.37,482.0
16,1175,5,5,8,10,8,179,18,11,30803,1.39,1151.0
16,1176,8,4,10,9,14,145,11,5,14924,1.67,1352.0
16,1177,6,4,11,14,14,112,10,6,13986,1.76,889.0
16,1178,4,8,8,10,12,179,10,4,12750,1.42,824.0
16,1179,4,6,11,10,14,187,13,11,12144,1.78,1433.0
16,1180,4,4,8,9,14,145,10,8,16337,1.3,471.0
16,1181,4,6,8,14,13,154,10,4,12917,1.38,837.0
16,1182,4,8,8,12,12,145,10,6,12744,1.43,927.0
17,1183,4,6,10,14,12,179,11,4,17359,1.6,1336.0
17,1184,5,8,11,8,9,125,11,7,12507,1.82,1167.0
17,1185,5,5,8,9,11,187,11,7,21188,1.37,485.0
17,1186,4,5,8,12,10,145,10,5,21535,1.31,529.0
17,1187,5,4,8,9,8,132,11,11,30576,1.28,377.0
17,1188,5,5,9,10,10,187,11,7,13011,1.47,576.0
17,1189,5,7,8,12,11,138,11,4,20486,1.44,646.0
17,1190,4,5,8,10,8,125,12,4,15031,1.36,520.0
17,1191,5,4,8,10,12,62,15,4,14770,1.32,579.0
17,1192,5,5,8,10,12,154,14,10,13669,1.41,584.0
17,1193,4,6,11,14,14,133,10,8,12022,1.83,1703.0
17,1194,5,6,9,10,11,134,11,4,12684,1.5,624.0
17,1195,4,7,9,12,12,138,13,10,12373,1.53,1145.0
17,1196,4,4,8,14,8,187,10,9,15795,1.25,531.0
17,1197,5,4,8,10,10,112,10,5,15522,1.31,355.0
17,1198,5,6,11,10,8,112,11,9,29037,1.68,828.0
17,1199,4,5,8,10,10,145,10,10,21672,1.33,526.0
17,1200,4,4,11,14,8,179,10,4,14022,1.62,993.0
17,1201,4,8,9,14,14,112,10,9,12702,1.55,1336.0
17,1202,5,5,9,9,13,122,11,11,12975,1.52,599.0
17,1203,4,6,9,10,8,112,11,4,14090,1.41,742.0
17,1204,4,6,8,14,14,145,10,10,13163,1.39,857.0
17,1205,4,6,11,12,12,145,10,6,11913,1.76,1303.0
17,1206,4,6,10,12,13,125,10,5,12045,1.57,1198.0
17,1207,5,6,10,13,12,145,11,6,12276,1.57,940.0
17,1208,7,5,8,9,11,145,10,11,15647,1.45,691.0
17,1209,4,6,8,14,10,187,10,7,22447,1.34,737.0
17,1210,5,5,11,12,14,145,11,10,15148,1.85,1054.0
17,1211,4,6,8,10,8,150,19,11,14621,1.38,1063.0
17,1212,5,4,10,10,14,112,10,9,13692,1.57,686.0
17,1213,4,8,8,14,13,187,10,4,12617,1.44,1027.0
17,1214,5,5,8,12,14,145,10,4,13402,1.42,521.0
17,1215,5,6,9,12,11,145,10,10,12872,1.47,635.0
17,1216,5,6,10,10,11,145,10,5,12643,1.57,774.0
17,1217,4,6,8,10,14,112,11,4,12979,1.41,781.0
17,1218,4,8,10,14,14,179,10,4,12041,1.69,1828.0
17,1219,5,4,8,9,8,121,10,12,30458,1.34,356.0
17,1220,4,4,8,9,13,63,13,10,14700,1.28,586.0
17,1221,4,4,8,10,8,112,10,9,16749,1.26,408.0
17,1222,5,4,8,14,8,112,10,9,29859,1.27,446.0
17,1223,4,4,8,9,12,187,12,10,14809,1.32,499.0
17,1224,4,4,8,14,12,77,10,11,15030,1.32,605.0
17,1225,5,6,10,13,11,145,11,11,12538,1.55,904.0
17,1226,4,6,10,10,10,138,10,8,12315,1.53,962.0
17,1227,4,4,10,10,14,145,10,4,14207,1.47,747.0
17,1228,4,4,11,10,13,179,11,7,17005,1.64,866.0
17,1229,6,6,8,9,14,63,13,10,14293,1.46,749.0
17,1230,4,4,10,10,10,145,10,11,14515,1.45,675.0
17,1231,5,6,12,12,12,112,15,4,12319,2.04,1850.0
17,1232,7,4,10,10,12,133,10,8,14582,1.63,790.0
17,1233,5,6,8,10,12,112,10,11,12918,1.41,539.0
17,1234,4,4,10,10,13,112,12,4,14095,1.47,794.0
17,1235,4,6,8,10,8,145,17,11,14559,1.33,952.0
17,1236,4,7,12,10,14,112,17,4,13978,2.07,3272.0
17,1237,5,6,8,14,13,145,10,5,13471,1.42,642.0
17,1238,5,4,8,9,14,112,11,11,15169,1.36,443.0
17,1239,4,6,11,10,8,145,10,8,12230,1.66,1061.0
17,1240,4,6,10,10,14,150,14,6,11893,1.61,1340.0
17,1241,5,5,8,10,14,150,11,10,13570,1.43,567.0
17,1242,4,5,11,10,10,145,10,7,12093,1.66,950.0
17,1243,5,6,8,12,14,145,10,8,13136,1.43,604.0
17,1244,4,6,11,13,14,138,11,8,12023,1.83,1619.0
17,1245,5,6,10,10,10,150,11,4,12335,1.57,770.0
17,1246,4,5,10,10,14,145,11,4,12263,1.53,927.0
17,1247,4,6,10,8,10,145,11,4,12254,1.51,966.0
17,1248,4,8,11,10,14,145,11,8,11879,1.85,1886.0
17,1249,4,6,11,14,10,179,10,7,12045,1.79,1533.0
17,1250,5,6,8,10,8,125,11,4,29676,1.39,539.0
17,1251,4,6,10,10,13,145,17,4,11914,1.72,2123.0
17,1252,4,4,8,10,8,187,10,8,15767,1.27,417.0
17,1253,4,6,11,10,14,150,10,11,11964,1.77,1351.0
17,1254,4,6,10,10,13,145,11,4,12006,1.57,1192.0
17,1255,5,6,10,13,12,125,14,5,12504,1.58,1044.0
18,1256,4,7,8,14,8,112,11,11,14266,1.38,890.0
18,1257,6,6,8,10,9,112,10,8,28853,1.4,556.0
18,1258,5,6,10,13,11,138,11,8,12623,1.55,902.0
18,1259,4,6,10,10,14,112,11,5,12221,1.58,1227.0
18,1260,4,8,11,14,10,145,11,4,11938,1.73,1824.0
18,1261,4,6,10,8,10,179,11,7,12565,1.52,971.0
18,1262,4,6,11,14,8,145,10,10,12301,1.75,1432.0
18,1263,5,4,8,10,14,112,10,9,15143,1.33,398.0
18,1264,5,4,8,9,8,187,13,11,30884,1.31,555.0
18,1265,5,4,8,10,12,112,10,8,15290,1.32,382.0
18,1266,4,6,8,10,13,145,12,4,13084,1.38,707.0
18,1267,5,6,10,10,12,112,10,11,12334,1.56,786.0
18,1268,5,4,9,11,11,112,10,9,14126,1.37,435.0
18,1269,5,6,8,10,9,145,10,8,14294,1.35,465.0
18,1270,5,6,10,10,12,112,11,10,12302,1.56,804.0
18,1271,4,4,8,11,14,187,13,5,14785,1.3,635.0
18,1272,5,4,8,9,8,145,11,5,30416,1.28,377.0
18,1273,4,5,8,9,11,112,10,11,13666,1.33,503.0
18,1274,4,7,9,10,12,112,10,9,12280,1.51,1110.0
18,1275,4,6,8,14,8,138,11,4,14369,1.36,711.0
18,1276,5,6,8,10,10,138,11,4,13419,1.37,543.0
18,1277,5,7,9,12,11,187,11,7,12620,1.5,814.0
18,1278,4,6,8,10,14,154,10,8,13545,1.41,777.0
18,1279,4,6,11,14,13,145,10,4,14986,1.81,1653.0
18,1280,4,6,10,14,10,145,10,10,12173,1.53,1198.0
18,1281,4,6,11,10,14,145,18,4,11872,1.94,2453.0
18,1282,4,5,10,10,14,179,11,4,12188,1.53,932.0
18,1283,5,8,11,14,14,150,10,4,14760,1.97,1740.0
18,1284,5,4,10,10,14,108,15,4,13641,1.5,837.0
18,1285,4,4,8,9,14,187,13,5,14929,1.3,612.0
18,1286,4,6,8,14,12,145,10,10,12971,1.38,818.0
18,1287,5,6,11,10,14,112,10,11,14566,1.8,1016.0
18,1288,5,4,9,10,11,112,10,11,14046,1.41,463.0
18,1289,5,6,8,11,12,145,16,8,13222,1.47,969.0
18,1290,5,4,10,10,14,112,11,5,13677,1.5,598.0
18,1291,5,6,9,9,11,187,10,5,13376,1.5,605.0
18,1292,4,6,10,12,11,138,10,8,12143,1.59,1140.0
18,1293,4,6,8,13,12,145,11,6,12825,1.39,748.0
18,1294,4,6,10,10,10,145,19,6,12146,1.55,1586.0
18,1295,4,5,10,10,14,150,14,11,12217,1.56,1075.0
18,1296,4,4,8,14,8,66,10,9,15546,1.24,515.0
18,1297,5,5,8,10,8,125,10,5,27907,1.34,401.0
18,1298,4,4,8,14,8,187,11,4,16051,1.26,547.0
18,1299,4,4,8,10,14,187,10,5,15154,1.34,515.0
18,1300,4,6,11,14,8,145,10,8,12215,1.75,1431.0
18,1301,4,6,12,11,13,145,11,5,11892,1.94,1795.0
18,1302,5,5,8,12,14,187,11,4,13404,1.42,542.0
18,1303,5,5,10,10,14,145,11,5,12388,1.57,727.0
18,1304,4,5,8,12,13,63,16,12,14108,1.38,867.0
18,1305,4,6,10,14,14,145,10,7,12010,1.63,1397.0
18,1306,5,4,8,10,10,112,13,11,15505,1.29,435.0
18,1307,4,4,8,9,8,187,10,9,15974,1.31,399.0
18,1308,5,8,10,10,10,145,10,11,12611,1.6,988.0
18,1309,4,4,10,10,10,145,15,4,14477,1.44,1051.0
18,1310,4,6,11,10,14,145,11,8,11858,1.77,1365.0
18,1311,4,8,11,10,14,179,10,7,11796,1.85,1863.0
18,1312,4,8,11,10,14,179,11,4,11687,1.86,1890.0
18,1313,4,6,10,9,11,155,19,11,12169,1.57,1601.0
18,1314,4,5,8,10,14,145,10,5,13730,1.39,632.0
18,1315,4,5,10,10,14,179,11,7,12210,1.53,932.0
18,1316,4,8,11,14,10,145,11,5,11864,1.73,1825.0
18,1317,4,6,9,10,11,134,11,4,18703,1.48,774.0
18,1318,5,6,10,10,10,145,11,4,12605,1.57,770.0
19,1319,4,7,10,12,12,187,10,4,16921,1.59,1282.0
19,1320,5,4,8,14,12,112,10,9,15141,1.33,501.0
19,1321,4,4,8,10,8,66,10,11,15650,1.26,403.0
19,1322,5,4,8,9,13,63,13,9,14775,1.31,440.0
19,1323,4,4,8,14,8,66,10,10,15648,1.24,516.0
19,1324,4,6,9,10,10,134,11,10,12870,1.46,753.0
19,1325,4,6,10,8,12,145,11,9,16782,1.53,1022.0
19,1326,7,4,12,10,13,112,10,4,14654,1.92,969.0
19,1327,7,5,8,12,14,145,13,11,14550,1.5,860.0
19,1328,4,7,9,12,11,150,11,11,19139,1.46,916.0
19,1329,5,7,8,12,13,138,11,4,12973,1.46,694.0
19,1330,5,6,11,14,10,70,10,8,13261,1.71,1073.0
19,1331,4,8,8,10,12,179,11,7,13302,1.42,937.0
19,1332,5,5,8,9,8,112,11,7,28370,1.38,458.0
19,1333,5,4,8,12,10,187,11,11,15112,1.38,477.0
19,1334,4,5,8,12,10,145,11,4,21765,1.38,603.0
19,1335,5,8,8,14,13,187,10,7,13280,1.49,845.0
19,1336,4,7,10,12,11,145,11,7,12402,1.57,1422.0
19,1337,4,6,11,14,10,145,10,4,11773,1.79,1528.0
19,1338,4,6,10,10,14,145,15,10,11979,1.58,1601.0
19,1339,4,6,10,10,10,145,15,10,12253,1.49,1412.0
19,1340,4,6,11,14,14,145,10,4,11849,1.83,1704.0
19,1341,4,6,10,10,14,145,14,11,12050,1.61,1340.0
19,1342,4,8,8,14,13,138,11,4,12580,1.46,1077.0
19,1343,4,5,10,13,12,145,10,8,16625,1.56,1041.0
19,1344,5,6,10,10,10,145,11,5,12659,1.57,771.0
19,1345,4,5,10,8,14,145,11,4,12225,1.52,907.0
19,1346,4,6,10,13,12,145,11,5,16604,1.53,1181.0
19,1347,4,6,8,12,13,145,10,6,12733,1.39,695.0
19,1348,5,8,11,13,13,179,17,4,12171,1.91,2346.0
19,1349,4,5,9,9,14,138,11,4,13013,1.46,684.0
19,1350,5,5,10,14,14,145,10,5,12179,1.66,942.0
19,1351,5,6,10,10,10,145,13,8,12521,1.55,937.0
19,1352,4,6,10,10,10,145,10,7,12115,1.53,963.0
19,1353,4,4,8,12,13,187,10,11,14244,1.28,499.0
19,1354,4,6,8,9,13,154,13,4,13419,1.38,821.0
19,1355,5,6,11,14,14,145,10,9,14850,1.86,1296.0
19,1356,4,6,11,10,10,145,10,10,12070,1.69,1147.0
19,1357,5,6,8,10,10,138,10,4,13449,1.36,477.0
19,1358,5,6,9,11,11,145,11,10,12781,1.47,631.0
19,1359,4,4,10,14,10,145,12,10,14449,1.44,884.0
19,1360,4,6,9,10,12,187,13,4,12788,1.46,872.0
19,1361,4,6,10,10,14,112,11,4,12268,1.58,1227.0
19,1362,5,8,11,14,14,179,10,5,14809,1.98,1744.0
19,1363,4,5,8,10,14,150,10,8,13835,1.39,634.0
19,1364,4,6,11,9,11,112,10,11,12177,1.75,1208.0
19,1365,4,5,8,10,11,145,10,8,13455,1.38,560.0
19,1366,4,6,11,9,14,145,10,5,11941,1.77,1333.0
19,1367,5,6,8,10,10,145,10,4,13403,1.36,477.0
19,1368,4,6,11,14,14,138,11,8,11997,1.85,1703.0
19,1369,4,4,8,10,8,121,10,4,16666,1.27,408.0
19,1370,5,4,8,10,14,179,10,9,15274,1.33,406.0
19,1371,4,8,11,14,10,112,10,4,12195,1.83,1823.0
19,1372,4,4,8,10,8,197,10,7,15830,1.27,418.0
19,1373,4,7,8,10,8,125,11,4,14642,1.38,712.0
19,1374,5,4,8,10,8,125,19,4,29696,1.36,955.0
19,1375,4,6,8,14,8,112,10,10,14113,1.32,687.0
19,1376,5,4,11,10,14,145,10,9,16557,1.68,673.0
19,1377,4,5,8,10,14,67,11,11,14305,1.38,656.0
19,1378,4,7,10,14,13,145,11,5,12048,1.61,1576.0
19,1379,4,5,11,9,14,145,11,4,12104,1.73,1107.0
19,1380,5,8,9,10,14,179,11,5,12428,1.56,896.0
19,1381,4,4,10,10,8,150,10,11,15412,1.43,637.0
19,1382,4,6,8,10,14,187,19,8,14114,1.34,1234.0
19,1383,5,6,10,13,11,138,11,5,12594,1.55,901.0
19,1384,4,7,9,12,13,145,11,4,12370,1.53,1104.0
19,1385,4,4,8,14,14,179,10,4,15660,1.34,643.0
19,1386,4,8,11,10,8,187,10,8,12418,1.79,1536.0
19,1387,5,6,9,13,13,145,11,5,12433,1.52,800.0
19,1388,4,6,10,11,11,137,11,10,12327,1.54,1031.0
19,1389,5,6,9,10,11,145,11,4,12820,1.5,625.0
19,1390,4,6,10,10,13,134,13,4,12156,1.59,1293.0
19,1391,4,5,8,10,12,77,11,5,14303,1.37,612.0
19,1392,4,4,8,9,14,145,10,11,16277,1.3,472.0
20,1393,5,6,8,10,12,82,10,11,13786,1.41,536.0
20,1394,5,6,10,10,14,191,12,4,12657,1.63,989.0
20,1395,4,5,8,10,13,145,11,5,13277,1.38,637.0
20,1396,4,8,11,10,13,145,10,8,14878,1.83,1806.0
20,1397,5,6,9,13,14,150,11,5,12357,1.53,818.0
20,1398,4,6,11,14,10,145,10,9,11968,1.79,1528.0
20,1399,4,4,8,14,8,66,10,4,15556,1.24,514.0
20,1400,4,8,9,14,14,138,10,4,12540,1.55,1338.0
20,1401,4,6,11,10,12,179,11,4,12068,1.76,1286.0
20,1402,6,6,10,11,9,145,11,5,28404,1.6,845.0
20,1403,5,6,9,11,13,145,10,10,12325,1.53,717.0
20,1404,7,4,8,12,8,66,19,7,30356,1.36,1921.0
20,1405,4,4,8,11,8,121,10,7,17161,1.3,414.0
20,1406,4,4,8,10,14,145,11,5,16018,1.33,519.0
20,1407,5,5,10,10,10,112,10,5,12797,1.56,748.0
20,1408,4,6,11,10,13,187,10,8,15524,1.77,1317.0
20,1409,4,4,9,12,14,145,10,11,14914,1.44,684.0
20,1410,4,6,8,14,14,63,13,10,13955,1.45,1072.0
20,1411,5,4,11,9,13,145,10,10,13645,1.65,632.0
20,1412,5,6,8,10,13,108,10,9,13310,1.42,552.0
20,1413,4,6,11,13,11,138,10,8,12045,1.82,1511.0
20,1414,4,6,10,10,14,145,11,8,11945,1.59,1232.0
20,1415,4,6,10,10,14,145,11,5,11983,1.59,1231.0
20,1416,5,6,10,10,13,112,12,4,16126,1.6,951.0
20,1417,5,5,8,12,10,145,10,10,13624,1.35,454.0
20,1418,4,6,11,14,14,145,10,7,11754,1.83,1703.0
20,1419,7,6,8,13,10,145,10,4,29274,1.5,924.0
20,1420,4,6,10,8,10,145,12,4,12444,1.54,1009.0
20,1421,4,6,8,10,13,145,11,5,12728,1.41,764.0
20,1422,4,6,10,13,11,112,11,11,12195,1.51,1118.0
20,1423,4,6,10,10,12,138,11,4,16611,1.57,1157.0
20,1424,4,6,9,13,11,181,11,8,19711,1.45,831.0
20,1425,5,4,8,10,8,112,10,11,30330,1.3,344.0
20,1426,5,4,8,10,12,112,10,9,14974,1.32,381.0
20,1427,4,6,8,10,8,112,12,4,14161,1.32,587.0
20,1428,4,6,10,14,13,145,10,10,11969,1.61,1348.0
20,1429,4,6,11,14,11,138,11,10,12075,1.71,1429.0
20,1430,4,6,10,13,14,145,10,8,12087,1.59,1293.0
20,1431,4,6,11,14,10,191,19,7,12131,1.71,2185.0
20,1432,4,8,8,10,8,66,11,11,14229,1.39,796.0
20,1433,4,5,11,14,10,145,12,4,12036,1.69,1259.0
20,1434,4,6,8,10,13,145,10,4,12985,1.41,743.0
20,1435,4,8,8,14,10,179,10,11,22917,1.42,929.0
20,1436,4,8,11,14,13,145,11,7,14806,1.92,2251.0
20,1437,5,5,8,12,14,145,11,5,13384,1.41,537.0
20,1438,5,5,9,9,14,145,10,4,12805,1.53,596.0
20,1439,4,4,8,9,13,67,11,5,14996,1.33,498.0
20,1440,7,6,8,10,13,150,15,11,21610,1.52,1091.0
20,1441,4,6,10,12,14,145,10,6,11978,1.59,1240.0
20,1442,4,6,8,10,10,145,11,4,22071,1.34,630.0
20,1443,4,6,8,14,13,145,10,4,13062,1.38,836.0
20,1444,4,8,8,14,13,154,10,4,12692,1.44,1023.0
20,1445,4,6,8,14,13,67,11,11,13874,1.34,801.0
20,1446,4,4,10,10,14,150,19,11,14399,1.47,1350.0
20,1447,4,4,8,8,8,121,10,9,16988,1.25,394.0
20,1448,4,6,9,10,14,134,10,10,12580,1.47,809.0
20,1449,5,5,8,12,12,145,13,4,13826,1.43,594.0
20,1450,4,6,10,13,13,145,10,11,11969,1.58,1254.0
20,1451,5,6,10,10,10,112,15,9,12512,1.55,1189.0
20,1452,4,4,8,8,8,145,10,4,17275,1.25,394.0
20,1453,5,6,8,10,10,187,10,12,13638,1.36,484.0
20,1454,5,4,10,10,8,145,14,11,30991,1.46,671.0
20,1455,5,6,10,14,14,179,10,10,12383,1.63,1104.0
20,1456,4,8,11,11,11,92,11,4,12557,1.8,1707.0
20,1457,4,4,8,13,13,145,11,5,15620,1.35,601.0
20,1458,5,6,10,10,8,125,11,4,29333,1.54,729.0
20,1459,4,6,8,14,13,145,10,10,13149,1.38,838.0
20,1460,4,8,11,14,14,145,10,4,11779,1.87,2050.0
20,1461,4,8,8,14,13,177,11,4,12681,1.47,1082.0
20,1462,5,4,8,9,8,187,11,11,30630,1.29,384.0
20,1463,4,4,8,10,14,112,10,5,15939,1.33,506.0
21,1464,4,4,8,8,10,145,11,4,22413,1.31,455.0
21,1465,4,4,8,14,8,125,10,4,16801,1.25,522.0
21,1466,5,4,8,10,13,66,11,4,14800,1.35,433.0
21,1467,4,6,10,10,13,80,15,5,13054,1.55,1557.0
21,1468,4,5,8,9,11,179,11,12,13923,1.34,549.0
21,1469,6,8,10,11,10,145,13,11,13034,1.64,1185.0
21,1470,4,6,11,13,11,112,10,9,12076,1.81,1508.0
21,1471,4,6,11,10,14,145,11,5,11959,1.77,1365.0
21,1472,5,5,8,12,14,145,10,8,13367,1.42,522.0
21,1473,4,4,8,14,12,179,10,7,15371,1.33,617.0
21,1474,4,8,11,9,10,77,11,11,12720,1.79,1610.0
21,1475,4,6,10,10,14,112,12,4,12335,1.54,1126.0
21,1476,4,6,8,10,8,145,10,11,14661,1.36,603.0
21,1477,4,6,11,10,10,145,10,4,11969,1.69,1144.0
21,1478,4,6,10,10,14,145,15,8,12066,1.58,1601.0
21,1479,4,6,10,10,14,194,19,11,12428,1.57,1714.0
21,1480,4,8,10,10,14,112,11,5,12333,1.68,1683.0
21,1481,5,6,11,10,14,179,11,4,15106,1.81,1029.0
21,1482,4,6,9,8,10,112,15,4,12634,1.53,1230.0
21,1483,4,5,8,10,14,145,11,5,13832,1.39,664.0
21,1484,4,8,10,14,13,145,10,4,12178,1.66,1770.0
21,1485,4,8,11,10,8,112,11,4,12599,1.74,1471.0
21,1486,4,6,8,10,14,179,12,4,13967,1.4,770.0
21,1487,5,6,11,14,10,179,10,7,12610,1.72,1086.0
21,1488,4,8,8,10,10,145,11,4,22398,1.38,838.0
21,1489,5,4,8,11,10,135,10,5,15783,1.32,373.0
21,1490,4,4,8,8,11,112,10,9,15691,1.29,437.0
21,1491,4,5,8,9,8,121,10,11,15148,1.31,456.0
21,1492,4,8,8,14,13,145,16,4,12832,1.46,1805.0
21,1493,5,5,11,12,14,145,10,4,15018,1.84,1036.0
21,1494,4,8,8,14,14,179,10,4,12997,1.45,1059.0
21,1495,4,4,8,9,12,112,11,9,15721,1.33,492.0
21,1496,5,5,8,10,11,179,10,5,20925,1.36,439.0
21,1497,5,5,8,12,10,145,12,10,13850,1.37,508.0
21,1498,4,6,9,10,14,145,10,10,12537,1.47,809.0
21,1499,4,6,8,10,13,134,11,5,13184,1.41,763.0
21,1500,4,5,12,8,12,145,17,4,11914,1.94,2263.0
21,1501,5,4,9,11,11,63,10,5,13997,1.37,428.0
21,1502,5,4,9,9,11,187,10,10,13941,1.38,406.0
21,1503,4,6,11,10,14,145,10,5,11737,1.77,1348.0
21,1504,8,7,11,9,8,145,11,10,24715,1.9,1709.0
21,1505,5,6,8,14,14,112,10,11,13099,1.42,653.0
21,1506,4,6,8,11,13,145,20,5,12915,1.41,1642.0
21,1507,5,8,11,14,10,179,11,4,12289,1.86,1441.0
21,1508,4,4,8,10,8,125,11,7,17111,1.26,424.0
21,1509,4,6,11,14,14,154,10,4,11910,1.83,1704.0
21,1510,4,8,8,14,13,179,10,4,12716,1.44,1027.0
21,1511,4,6,11,10,14,145,12,8,11819,1.78,1388.0
21,1512,4,6,10,10,13,145,10,4,11961,1.54,1062.0
21,1513,4,6,8,10,14,150,10,8,13410,1.41,775.0
21,1514,4,6,11,10,11,112,11,11,12182,1.75,1240.0
21,1515,4,6,9,10,12,134,16,11,12382,1.54,1351.0
21,1516,4,4,11,10,9,112,11,8,14038,1.59,743.0
21,1517,5,6,8,9,14,150,10,11,13157,1.43,572.0
21,1518,4,6,8,14,14,145,10,9,13409,1.39,857.0
21,1519,4,4,11,14,8,66,10,7,13199,1.62,978.0
21,1520,5,6,9,12,8,138,20,4,29242,1.49,1791.0
21,1521,5,7,9,13,13,145,11,5,12449,1.53,846.0
21,1522,4,4,10,12,13,150,11,5,14442,1.5,917.0
21,1523,4,6,8,13,13,145,11,11,13074,1.39,766.0
21,1524,4,4,9,12,13,187,10,11,13841,1.44,671.0
21,1525,5,4,8,9,11,187,10,5,21452,1.35,384.0
21,1526,7,7,8,12,8,150,11,11,29584,1.54,954.0
21,1527,4,6,8,9,11,112,11,11,13067,1.34,647.0
21,1528,4,4,8,10,8,121,10,12,16819,1.27,410.0
21,1529,4,4,10,10,13,187,10,11,13184,1.46,730.0
21,1530,4,6,8,12,14,145,10,11,13450,1.38,698.0
21,1531,4,6,10,13,14,145,19,5,11838,1.58,1782.0
21,1532,7,6,10,10,13,150,11,11,12810,1.69,1028.0
21,1533,5,6,9,10,13,145,10,4,12691,1.54,743.0
21,1534,4,5,10,14,11,145,12,4,12268,1.5,1041.0
22,1535,4,6,8,8,14,150,14,5,13410,1.39,809.0
22,1536,5,6,10,13,14,145,10,11,12292,1.58,974.0
22,1537,6,6,9,11,11,134,10,4,12678,1.51,640.0
22,1538,4,6,11,10,14,134,10,4,12058,1.77,1347.0
22,1539,5,8,9,14,11,179,11,4,12697,1.55,1045.0
22,1540,4,6,8,8,8,121,10,9,14541,1.32,558.0
22,1541,5,6,10,10,14,63,13,11,13315,1.63,1069.0
22,1542,4,4,8,9,13,150,19,10,15780,1.28,1013.0
22,1543,4,8,11,10,14,145,10,4,11845,1.85,1859.0
22,1544,5,4,8,10,12,145,10,9,15651,1.33,386.0
22,1545,4,6,10,13,13,112,11,5,12235,1.57,1265.0
22,1546,5,6,8,9,8,145,11,5,29594,1.39,531.0
22,1547,4,8,9,9,13,179,10,4,12576,1.52,1064.0
22,1548,4,5,11,14,14,138,11,4,12090,1.83,1444.0
22,1549,4,6,9,12,8,145,10,6,14402,1.37,754.0
22,1550,4,6,9,10,13,145,10,11,12585,1.46,796.0
22,1551,4,8,8,14,14,112,11,4,13121,1.47,1106.0
22,1552,4,6,8,10,13,145,12,11,13295,1.38,709.0
22,1553,4,5,10,10,14,145,10,4,12055,1.54,918.0
22,1554,5,6,8,10,10,145,11,5,13605,1.37,544.0
22,1555,5,4,8,14,10,125,11,7,15949,1.32,480.0
22,1556,4,8,11,10,8,179,11,4,12434,1.74,1480.0
22,1557,5,5,8,10,13,145,11,4,13882,1.42,552.0
22,1558,4,6,9,9,10,138,10,4,12837,1.43,699.0
22,1559,4,4,11,14,8,66,11,4,13503,1.64,980.0
22,1560,4,8,8,10,14,179,10,4,13021,1.44,887.0
22,1561,5,4,8,10,8,145,10,4,29940,1.31,346.0
22,1562,4,6,10,10,10,112,15,9,12419,1.49,1406.0
22,1563,4,6,10,13,13,145,19,5,11909,1.57,1734.0
22,1564,4,6,10,13,14,145,11,5,12081,1.59,1308.0
22,1565,4,8,11,10,13,179,10,4,14935,1.83,1808.0
22,1566,4,8,8,14,14,145,11,4,13222,1.47,1109.0
22,1567,4,6,10,8,10,164,11,8,12327,1.51,969.0
22,1568,4,5,10,10,11,179,11,5,12384,1.53,870.0
22,1569,5,6,8,9,14,112,11,5,13250,1.45,639.0
22,1570,5,6,11,14,10,145,11,7,12123,1.72,1113.0
22,1571,4,8,9,11,11,179,10,10,19777,1.52,988.0
22,1572,4,6,10,10,12,91,13,10,16007,1.57,1253.0
22,1573,4,4,11,9,14,77,10,11,13376,1.63,833.0
22,1574,4,4,8,12,8,66,10,6,15483,1.32,486.0
22,1575,5,6,10,8,10,117,12,4,12507,1.6,819.0
22,1576,5,4,9,13,13,145,11,6,14517,1.44,564.0
22,1577,5,6,11,13,10,145,10,8,12363,1.77,976.0
22,1578,4,6,10,10,11,138,11,9,12280,1.57,1130.0
22,1579,6,6,9,13,14,145,10,10,12622,1.53,762.0
22,1580,5,6,11,10,13,145,11,5,12152,1.8,992.0
22,1581,4,8,11,13,8,153,12,5,12589,1.79,1646.0
22,1582,4,5,10,9,10,145,11,4,12520,1.5,822.0
22,1583,4,4,11,11,14,63,10,5,13249,1.68,972.0
22,1584,5,8,9,14,11,179,10,4,12589,1.56,900.0
22,1585,4,4,8,9,14,110,10,5,15790,1.29,465.0
22,1586,5,4,8,10,10,112,11,11,15609,1.31,400.0
22,1587,5,4,8,9,8,112,13,11,30749,1.3,544.0
22,1588,4,6,10,10,13,145,10,11,11938,1.54,1064.0
22,1589,5,6,9,11,14,145,10,10,12287,1.53,728.0
22,1590,4,5,11,14,14,179,11,7,12017,1.83,1450.0
22,1591,4,8,10,8,10,145,11,4,12363,1.6,1374.0
23,1592,5,8,8,14,10,179,11,4,13470,1.46,756.0
23,1593,4,4,11,10,8,125,11,7,14268,1.58,734.0
23,1594,4,5,12,10,10,145,12,10,12564,1.9,1408.0
23,1595,4,6,8,10,10,145,15,4,21952,1.4,1147.0
23,1596,4,8,11,14,8,179,10,9,12234,1.82,1730.0
23,1597,4,4,8,14,14,66,10,4,14666,1.33,628.0
23,1598,4,6,10,10,14,145,10,4,12246,1.56,1098.0
23,1599,4,6,10,10,10,145,15,11,12164,1.49,1410.0
23,1600,4,4,10,8,8,121,11,9,15173,1.44,635.0
23,1601,4,6,8,13,11,112,10,11,13060,1.34,661.0
23,1602,5,6,8,10,13,112,11,5,13360,1.42,614.0
23,1603,5,6,8,10,11,134,10,4,20805,1.36,493.0
23,1604,5,4,9,10,10,112,11,9,14369,1.42,455.0
23,1605,4,4,10,10,14,67,19,11,13267,1.46,1338.0
23,1606,4,6,8,14,13,150,11,11,13061,1.35,811.0
23,1607,4,7,10,9,10,118,11,10,12368,1.53,1142.0
23,1608,5,4,8,14,12,66,10,9,14816,1.33,495.0
23,1609,4,4,8,9,10,145,12,4,22314,1.31,478.0
23,1610,5,6,10,10,13,63,13,10,15414,1.61,1042.0
23,1611,4,6,11,14,13,154,10,4,15193,1.81,1654.0
23,1612,4,4,8,9,14,121,19,12,16122,1.29,1029.0
23,1613,4,4,8,9,13,121,10,11,15443,1.3,454.0
23,1614,4,4,8,14,8,67,11,12,15789,1.25,535.0
23,1615,4,6,9,10,13,145,11,5,12662,1.48,843.0
23,1616,5,4,8,10,8,112,17,10,30598,1.3,694.0
23,1617,4,8,11,14,14,145,18,4,11618,2.07,3438.0
23,1618,4,4,8,12,14,66,11,5,14805,1.29,536.0
23,1619,5,5,8,10,8,145,10,11,27600,1.34,405.0
23,1620,5,4,8,11,8,145,11,11,30328,1.35,410.0
23,1621,5,7,9,8,14,112,10,10,12568,1.52,750.0
23,1622,4,6,8,10,14,145,11,5,13212,1.42,786.0
23,1623,4,5,10,9,11,112,11,11,12681,1.51,851.0
23,1624,5,6,9,13,13,63,11,5,13652,1.52,791.0
23,1625,8,4,9,11,11,145,10,5,30910,1.56,1230.0
23,1626,5,6,9,10,12,134,13,9,18631,1.53,728.0
23,1627,5,6,8,10,8,145,10,9,29362,1.34,466.0
23,1628,4,6,10,14,13,179,11,5,12161,1.63,1382.0
23,1629,4,8,11,13,10,145,11,7,12056,1.79,1700.0
23,1630,5,6,11,14,10,145,11,4,12180,1.72,1115.0
23,1631,4,6,10,8,14,145,10,10,11999,1.55,1076.0
23,1632,5,6,10,10,12,187,11,12,12603,1.57,813.0
23,1633,5,4,8,10,14,112,10,5,14947,1.33,397.0
23,1634,5,8,11,10,8,179,10,4,29654,1.81,1181.0
23,1635,4,4,8,10,14,145,11,4,16078,1.33,519.0
23,1636,4,5,8,8,8,187,10,9,14973,1.33,454.0
23,1637,4,4,8,9,14,121,10,5,16420,1.3,467.0
23,1638,5,5,8,12,8,145,10,4,27496,1.41,525.0
23,1639,4,5,8,9,11,192,16,11,13517,1.39,760.0
23,1640,4,8,11,14,14,145,10,11,11848,1.87,2052.0
23,1641,4,6,10,10,10,179,11,7,12020,1.5,1009.0
23,1642,4,5,8,12,13,187,10,5,13540,1.37,608.0
23,1643,4,4,8,9,11,179,11,11,15667,1.33,477.0
23,1644,4,6,8,13,12,77,10,11,13812,1.35,691.0
23,1645,4,4,10,9,11,138,11,8,14491,1.47,733.0
23,1646,7,8,12,10,12,112,10,9,12443,2.13,1697.0
23,1647,5,6,11,11,14,179,10,10,15310,1.81,1039.0
23,1648,4,8,9,14,14,145,10,4,12338,1.55,1338.0
23,1649,4,5,8,9,13,138,10,4,13671,1.38,569.0
23,1650,4,4,9,12,13,187,11,11,13861,1.39,626.0
23,1651,4,5,8,10,14,145,10,4,13858,1.39,631.0
23,1652,5,5,10,12,10,145,10,7,12403,1.52,688.0
23,1653,4,5,8,10,10,112,14,11,20624,1.37,783.0
23,1654,4,6,10,9,11,145,15,11,12032,1.51,1425.0
24,1655,5,4,9,9,14,63,10,11,13931,1.39,432.0
24,1656,5,6,8,11,11,150,10,5,20663,1.41,519.0
24,1657,5,4,10,9,10,112,10,11,13901,1.47,554.0
24,1658,5,5,8,12,8,145,11,7,27802,1.39,492.0
24,1659,5,5,8,12,10,145,10,6,14003,1.35,452.0
24,1660,4,6,8,12,13,145,10,7,12908,1.39,695.0
24,1661,5,5,8,10,11,145,11,4,20264,1.37,490.0
24,1662,4,4,8,9,8,125,10,5,17117,1.3,390.0
24,1663,4,6,8,12,12,136,10,11,13057,1.39,686.0
24,1664,4,6,8,13,11,145,10,6,13053,1.35,663.0
24,1665,4,4,8,14,12,112,10,9,15537,1.32,610.0
24,1666,5,4,8,10,8,66,10,9,30646,1.3,339.0
24,1667,4,7,10,10,13,145,11,4,12204,1.65,1431.0
24,1668,4,5,9,8,13,145,11,4,12505,1.46,668.0
24,1669,4,6,10,9,8,138,11,4,12950,1.51,936.0
24,1670,4,7,10,10,10,145,13,4,12476,1.56,1223.0
24,1671,4,8,8,12,14,179,10,4,12800,1.46,1015.0
24,1672,5,5,11,14,10,145,10,7,12461,1.77,968.0
24,1673,4,6,11,14,11,179,10,4,12103,1.8,1561.0
24,1674,6,8,9,11,14,134,10,4,12748,1.63,978.0
24,1675,4,4,8,10,8,179,11,7,17021,1.26,431.0
24,1676,4,6,10,9,10,121,10,12,12353,1.53,961.0
24,1677,4,6,8,10,10,145,15,5,21683,1.4,1147.0
24,1678,4,8,11,14,13,154,11,4,14768,1.92,2251.0
24,1679,4,6,8,14,10,179,10,7,22098,1.34,736.0
24,1680,4,6,10,13,14,112,11,5,12191,1.58,1304.0
24,1681,8,6,10,10,13,145,11,5,12945,1.73,1592.0
24,1682,5,4,8,10,14,125,11,7,15455,1.37,452.0
24,1683,4,5,12,11,14,145,11,4,13848,1.9,1554.0
24,1684,4,6,10,10,13,112,10,11,12180,1.53,1060.0
24,1685,5,4,8,10,8,152,11,9,30697,1.3,379.0
24,1686,5,4,8,9,14,145,19,5,15478,1.33,1056.0
24,1687,4,6,10,13,8,112,11,11,13002,1.46,1019.0
24,1688,4,4,10,9,14,145,10,11,14357,1.46,724.0
24,1689,4,6,8,10,14,187,10,5,13930,1.42,780.0
24,1690,4,6,9,10,14,145,10,5,12503,1.47,808.0
24,1691,4,6,11,10,14,145,10,10,11918,1.77,1350.0
24,1692,5,6,8,10,14,112,10,11,12910,1.42,566.0
24,1693,4,4,10,10,12,145,10,9,18180,1.45,708.0
24,1694,4,5,9,10,13,145,10,4,12489,1.47,790.0
24,1695,4,7,8,12,13,187,11,5,12679,1.43,857.0
24,1696,4,4,8,10,13,145,10,5,15433,1.33,496.0
24,1697,4,6,11,14,14,145,10,5,11854,1.83,1703.0
24,1698,5,5,11,8,14,145,10,4,15039,1.8,840.0
24,1699,5,4,11,11,10,63,10,5,13372,1.63,594.0
24,1700,5,6,9,10,11,145,10,9,12675,1.47,642.0
24,1701,5,4,10,10,13,63,10,11,15853,1.55,667.0
24,1702,4,6,9,11,11,145,10,5,19116,1.44,752.0
24,1703,4,4,10,9,10,77,10,4,13902,1.45,665.0
24,1704,4,6,8,10,12,145,15,11,13119,1.45,1156.0
25,1705,4,8,8,8,8,179,10,4,14598,1.35,682.0
25,1706,4,4,11,14,14,121,10,9,14164,1.74,1187.0
25,1707,4,6,11,10,10,145,11,10,11873,1.69,1163.0
25,1708,5,6,10,10,10,145,10,4,12725,1.56,752.0
25,1709,4,6,9,8,8,121,10,4,14161,1.41,690.0
25,1710,4,4,10,8,10,145,11,5,14466,1.45,696.0
25,1711,5,5,8,9,10,145,10,5,13927,1.37,409.0
25,1712,4,4,9,9,11,187,10,5,19701,1.35,481.0
25,1713,5,5,10,10,8,125,11,4,27478,1.53,636.0
25,1714,4,4,8,8,14,145,11,4,16160,1.33,499.0
25,1715,4,4,8,9,13,187,10,11,14230,1.3,462.0
25,1716,4,4,8,12,8,125,10,5,17003,1.32,494.0
25,1717,5,4,8,11,11,63,10,5,18492,1.31,374.0
25,1718,4,4,9,12,9,187,10,11,14228,1.4,583.0
25,1719,5,6,10,12,11,145,10,7,12692,1.59,906.0
25,1720,4,5,12,12,10,145,19,5,12493,2.0,2114.0
25,1721,4,5,9,12,13,145,10,4,12576,1.49,796.0
25,1722,4,6,8,13,14,145,19,4,13243,1.41,1286.0
25,1723,4,4,10,14,13,145,10,5,14142,1.5,918.0
25,1724,4,6,11,13,14,145,10,5,11706,1.84,1644.0
25,1725,5,4,11,9,13,63,13,10,13432,1.75,838.0
25,1726,4,5,8,10,11,145,10,9,13576,1.38,562.0
25,1727,5,6,11,9,10,145,10,5,12180,1.71,859.0
25,1728,4,5,10,10,8,66,10,11,13462,1.48,759.0
25,1729,5,6,11,10,8,66,10,9,29261,1.69,824.0
25,1730,4,4,8,10,14,145,10,5,16179,1.34,510.0
25,1731,8,4,8,8,13,187,11,5,15278,1.46,1133.0
25,1732,4,7,8,10,8,66,10,11,14549,1.38,685.0
25,1733,5,6,10,10,12,187,10,12,12695,1.57,795.0
25,1734,4,4,8,10,10,145,15,4,22570,1.27,650.0
25,1735,4,6,10,10,10,145,13,10,12184,1.55,1189.0
25,1736,4,6,9,10,12,134,15,4,12472,1.47,1122.0
25,1737,4,5,11,12,14,145,10,4,11799,1.8,1383.0
25,1738,5,6,8,9,14,145,14,7,13310,1.42,684.0
25,1739,5,5,8,12,14,199,11,5,13465,1.42,544.0
25,1740,4,6,10,10,11,112,10,11,12197,1.55,1004.0
25,1741,4,6,8,13,13,145,10,4,13134,1.35,715.0
25,1742,4,6,10,10,11,145,11,4,12105,1.57,1129.0
25,1743,5,7,9,10,13,134,20,4,12464,1.69,1983.0
25,1744,4,8,11,9,14,63,10,4,12895,1.83,1836.0
25,1745,5,4,8,10,12,125,11,4,15422,1.35,431.0
25,1746,5,4,12,11,9,151,10,9,16391,1.73,838.0
25,1747,4,8,12,14,9,128,11,4,12314,1.92,2487.0
25,1748,4,6,10,10,13,145,10,5,11991,1.54,1062.0
25,1749,4,5,11,10,10,145,10,4,11915,1.66,949.0
25,1750,4,8,9,14,13,179,11,7,12365,1.55,1325.0
25,1751,4,4,10,12,12,77,10,11,16391,1.43,762.0
25,1752,4,6,8,9,14,145,10,11,13435,1.35,635.0
25,1753,4,8,11,8,13,145,11,4,14851,1.83,1788.0
25,1754,4,5,9,10,14,179,11,4,12863,1.49,780.0
25,1755,4,6,10,8,14,145,11,4,12060,1.55,1086.0
25,1756,4,8,11,10,10,179,11,4,11917,1.8,1633.0
25,1757,4,5,10,12,14,145,10,4,12234,1.56,1041.0
25,1758,5,5,8,10,10,145,10,6,13811,1.35,419.0
25,1759,4,8,11,14,14,91,10,4,12571,1.87,2045.0
25,1760,4,6,10,14,14,179,10,4,12053,1.63,1401.0
25,1761,4,8,11,10,14,145,10,11,11976,1.85,1862.0
25,1762,5,6,8,10,11,145,10,10,20223,1.36,496.0
25,1763,5,6,9,11,10,145,10,4,12681,1.44,589.0
25,1764,4,6,11,13,13,145,11,5,14811,1.82,1578.0
25,1765,4,6,9,9,14,145,10,10,12572,1.5,889.0
25,1766,5,8,8,10,14,112,10,11,13198,1.49,747.0
25,1767,4,7,10,14,12,145,11,4,16825,1.61,1520.0
25,1768,4,5,10,13,14,145,11,5,12164,1.57,1108.0
26,1769,5,6,8,11,14,145,20,10,13130,1.51,1624.0
26,1770,4,5,9,8,10,145,12,4,12878,1.46,690.0
26,1771,4,6,10,8,10,179,11,4,12672,1.52,970.0
26,1772,4,6,10,10,9,179,11,7,12446,1.48,965.0
26,1773,7,5,11,10,14,145,11,4,12732,1.91,1088.0
26,1774,5,6,10,8,10,145,10,11,12546,1.56,734.0
26,1775,4,6,8,9,14,145,10,5,13502,1.35,633.0
26,1776,5,6,11,13,10,145,10,9,12156,1.77,976.0
26,1777,4,4,8,10,8,179,10,4,16804,1.27,415.0
26,1778,5,8,11,14,14,66,10,9,14539,1.97,1730.0
26,1779,5,8,8,13,8,121,10,12,30040,1.43,645.0
26,1780,4,4,8,8,8,63,10,10,15359,1.24,385.0
26,1781,5,7,12,9,13,121,19,9,12161,2.34,3347.0
26,1782,5,6,8,12,13,112,11,11,13187,1.42,594.0
26,1783,4,5,10,12,13,187,10,11,12280,1.56,1018.0
26,1784,5,8,11,10,10,179,11,4,12186,1.84,1225.0
26,1785,4,6,8,14,10,145,10,7,21549,1.34,731.0
26,1786,4,4,8,10,10,187,10,11,21824,1.29,445.0
26,1787,5,4,8,12,13,112,13,11,15133,1.36,549.0
26,1788,4,6,8,10,13,145,11,4,13012,1.41,764.0
26,1789,5,4,8,10,8,145,10,5,30028,1.31,346.0
26,1790,4,4,8,10,13,179,10,12,15133,1.33,502.0
26,1791,4,8,11,9,8,121,11,4,12529,1.78,1513.0
26,1792,4,5,11,10,14,145,10,10,11943,1.74,1113.0
26,1793,5,6,9,13,13,145,19,4,12444,1.52,1371.0
26,1794,4,8,10,10,11,145,11,4,12259,1.62,1514.0
26,1795,4,4,8,10,9,96,13,11,15686,1.28,483.0
26,1796,5,6,10,13,10,112,11,5,12452,1.53,873.0
26,1797,5,6,10,10,14,145,10,5,12233,1.6,838.0
26,1798,4,5,8,13,10,145,19,6,21553,1.39,1107.0
26,1799,5,4,8,10,8,112,11,9,30410,1.29,374.0
26,1800,4,6,10,13,13,145,10,5,12026,1.58,1253.0
26,1801,5,4,8,9,8,125,10,5,30455,1.34,354.0
26,1802,4,4,8,10,8,125,11,4,16923,1.26,424.0
26,1803,4,6,11,14,14,145,11,4,11777,1.85,1703.0
26,1804,4,8,11,10,10,179,10,10,11776,1.81,1629.0
26,1805,4,4,8,14,10,66,10,4,19160,1.28,549.0
26,1806,4,5,11,10,8,145,10,9,12376,1.64,881.0
26,1807,5,5,8,10,10,145,10,9,13924,1.35,420.0
26,1808,5,6,9,10,11,145,10,6,12691,1.47,640.0
26,1809,4,5,11,10,10,145,11,10,12072,1.65,972.0
26,1810,5,6,9,9,8,112,11,11,30160,1.43,596.0
26,1811,5,4,12,11,14,145,10,10,13900,1.85,916.0
26,1812,4,4,8,13,11,187,10,5,14118,1.36,561.0
26,1813,5,6,9,9,11,112,10,11,12696,1.49,597.0
26,1814,4,6,11,10,14,145,10,4,11783,1.77,1348.0
26,1815,5,5,10,10,10,145,10,9,12599,1.57,754.0
26,1816,5,6,11,14,14,145,10,10,14669,1.86,1296.0
26,1817,4,6,9,10,11,145,10,9,19139,1.47,740.0
26,1818,4,8,10,14,10,145,11,7,12451,1.57,1609.0
26,1819,7,5,11,13,14,199,19,5,12850,2.02,2511.0
26,1820,4,6,11,13,10,145,10,5,12007,1.67,1336.0
26,1821,5,6,8,10,14,145,10,4,13179,1.43,569.0
26,1822,5,4,11,10,14,66,10,9,15243,1.67,661.0
26,1823,4,8,8,14,8,179,10,4,14253,1.41,895.0
26,1824,5,7,8,12,13,187,10,9,13245,1.45,693.0
26,1825,4,4,8,10,10,112,11,5,21321,1.31,466.0
26,1826,5,5,11,9,11,112,10,11,12761,1.73,760.0
26,1827,4,6,8,10,10,145,10,9,22181,1.34,623.0
26,1828,4,4,8,10,13,66,12,11,15005,1.32,507.0
26,1829,4,4,11,10,8,66,10,11,13442,1.57,703.0
26,1830,5,5,10,12,14,145,11,5,12337,1.61,839.0
26,1831,4,8,8,10,14,179,11,4,12818,1.48,1078.0
26,1832,5,4,8,9,14,175,10,5,14957,1.32,397.0
26,1833,5,6,11,10,14,145,16,5,14989,1.82,1589.0
26,1834,4,4,8,10,8,66,10,9,15629,1.26,402.0
27,1835,4,6,10,11,13,145,11,5,12027,1.55,1087.0
27,1836,4,6,10,12,13,187,10,11,12424,1.58,1208.0
27,1837,4,4,8,10,13,145,10,11,15576,1.33,499.0
27,1838,4,5,8,14,11,112,10,10,13709,1.38,702.0
27,1839,4,6,8,9,8,112,10,11,14167,1.35,531.0
27,1840,4,8,11,14,10,145,10,4,11992,1.83,1826.0
27,1841,4,5,11,10,14,179,10,4,12154,1.74,1115.0
27,1842,5,8,8,10,14,145,10,4,13015,1.49,748.0
27,1843,4,5,11,10,10,179,11,6,12000,1.65,975.0
27,1844,4,8,11,14,10,179,10,7,11904,1.84,1830.0
27,1845,5,5,8,10,14,145,10,11,13500,1.41,488.0
27,1846,4,4,10,10,13,145,11,5,14156,1.49,785.0
27,1847,5,6,8,13,8,145,10,4,29230,1.4,539.0
27,1848,4,6,8,9,10,179,11,7,22516,1.34,639.0
27,1849,4,4,10,10,12,77,10,11,16238,1.44,700.0
27,1850,4,6,11,10,14,112,10,11,12134,1.77,1347.0
27,1851,5,6,8,14,14,145,10,10,13002,1.43,656.0
27,1852,5,4,8,10,13,67,10,10,14740,1.32,385.0
27,1853,4,4,8,9,13,187,10,5,14546,1.3,460.0
27,1854,5,8,9,14,11,145,10,4,12683,1.56,895.0
27,1855,4,8,10,10,14,179,11,11,12300,1.68,1691.0
27,1856,4,4,8,8,8,63,11,10,15479,1.26,402.0
27,1857,5,6,8,10,10,101,10,9,13428,1.35,473.0
27,1858,5,4,8,10,8,66,10,4,29567,1.3,337.0
27,1859,4,7,11,8,8,179,12,11,12653,1.72,1300.0
27,1860,4,8,10,10,10,145,11,4,12387,1.6,1462.0
27,1861,4,6,9,13,11,112,10,4,17906,1.47,865.0
27,1862,5,6,8,11,10,145,10,11,13541,1.41,502.0
27,1863,5,4,8,9,8,125,11,11,30681,1.28,377.0
27,1864,5,4,8,10,8,112,11,4,29535,1.29,372.0
27,1865,4,6,9,10,10,145,11,4,12608,1.46,752.0
27,1866,4,5,10,8,13,145,15,4,12194,1.55,1321.0
27,1867,4,8,11,9,10,175,10,5,11845,1.81,1603.0
27,1868,5,6,10,10,14,112,19,11,12267,1.6,1535.0
27,1869,4,6,8,10,14,150,10,11,13259,1.41,777.0
27,1870,4,7,10,10,12,96,11,5,15897,1.63,1379.0
27,1871,4,6,9,13,11,145,10,4,19092,1.47,871.0
27,1872,8,6,11,11,13,134,10,5,12608,1.93,1667.0
27,1873,4,6,10,14,10,67,12,4,13088,1.53,1216.0
27,1874,4,4,8,10,13,145,11,11,15742,1.34,521.0
27,1875,5,6,9,14,8,145,10,10,29711,1.46,709.0
27,1876,4,6,8,11,10,112,10,4,20840,1.37,584.0
27,1877,4,8,8,10,13,145,11,5,12855,1.47,1044.0
27,1878,5,5,8,9,10,132,10,5,13915,1.37,408.0
27,1879,4,8,11,10,14,179,12,4,11705,1.84,1911.0
27,1880,5,5,9,10,14,87,18,5,13616,1.61,1355.0
27,1881,4,5,9,10,10,145,10,4,12652,1.44,666.0
27,1882,4,5,11,10,13,145,10,4,14936,1.74,1066.0
27,1883,4,5,10,10,10,145,11,6,12377,1.51,834.0
27,1884,5,6,8,10,10,179,10,8,14032,1.36,483.0
27,1885,4,6,8,10,14,63,10,10,14252,1.41,764.0
27,1886,4,4,11,8,8,145,10,5,14196,1.57,685.0
27,1887,4,6,10,10,10,178,15,4,12442,1.49,1414.0
27,1888,5,4,9,10,8,112,10,9,30315,1.37,458.0
27,1889,5,6,8,10,11,145,11,9,20513,1.38,563.0
27,1890,4,4,10,10,8,125,11,4,14972,1.44,651.0
27,1891,5,6,8,13,14,145,19,5,12993,1.45,1254.0
27,1892,5,6,11,14,14,145,11,5,14916,1.87,1329.0
27,1893,4,6,10,10,14,112,10,10,12354,1.55,1096.0
27,1894,5,6,8,10,14,145,10,5,13221,1.43,569.0
27,1895,4,4,11,10,12,187,10,12,12862,1.63,817.0
28,1896,4,6,11,10,14,179,10,5,12120,1.78,1352.0
28,1897,4,8,11,10,14,145,11,4,11859,1.85,1885.0
28,1898,4,6,11,14,14,179,10,4,11940,1.83,1708.0
28,1899,8,8,10,10,14,150,19,11,12861,1.9,4018.0
28,1900,5,6,8,10,8,145,10,6,29343,1.34,465.0
28,1901,4,4,8,13,11,112,11,4,15579,1.34,549.0
28,1902,5,6,10,10,14,145,10,4,12103,1.6,837.0
28,1903,4,7,10,10,10,51,12,5,13404,1.61,1314.0
28,1904,4,6,8,9,11,112,10,10,13125,1.38,582.0
28,1905,4,5,11,10,10,145,11,11,11962,1.65,972.0
28,1906,4,6,11,10,14,179,11,5,12043,1.78,1369.0
28,1907,4,8,10,13,14,145,19,4,12076,1.7,2318.0
28,1908,4,5,10,8,13,150,11,4,12245,1.51,879.0
28,1909,4,6,9,10,14,145,15,11,12559,1.48,1165.0
28,1910,4,6,10,9,8,63,10,7,13608,1.5,876.0
28,1911,4,4,8,8,14,145,10,11,16373,1.34,507.0
28,1912,5,6,8,9,8,145,11,11,30074,1.39,534.0
28,1913,5,4,8,10,10,112,10,4,15379,1.31,355.0
28,1914,4,5,11,13,14,145,10,4,11967,1.76,1291.0
28,1915,4,6,9,13,11,112,11,4,18094,1.44,820.0
28,1916,4,6,10,10,9,168,11,7,12707,1.48,964.0
28,1917,6,6,11,10,10,145,11,10,12528,1.75,845.0
28,1918,4,6,11,13,8,112,10,4,12624,1.63,1239.0
28,1919,4,4,11,14,10,145,10,11,14076,1.65,1050.0
28,1920,4,5,8,10,13,67,11,11,14127,1.38,630.0
28,1921,4,6,11,13,12,145,10,10,11952,1.83,1557.0
28,1922,5,5,8,12,14,145,10,5,13227,1.42,521.0
28,1923,4,5,8,10,13,145,12,5,13273,1.39,627.0
28,1924,5,5,8,12,14,145,11,4,13328,1.41,537.0
28,1925,4,5,8,10,11,145,11,5,13676,1.34,558.0
28,1926,4,6,8,9,13,145,10,5,12967,1.35,615.0
28,1927,4,8,8,10,13,145,10,4,12957,1.43,856.0
28,1928,4,8,11,14,14,179,12,4,11667,1.92,2335.0
28,1929,4,6,11,10,14,112,10,5,12222,1.77,1344.0
28,1930,4,6,8,14,8,145,10,10,14407,1.32,692.0
28,1931,5,5,8,10,11,112,10,11,19808,1.35,431.0
28,1932,4,6,11,9,10,145,10,9,11947,1.68,1120.0
28,1933,4,6,10,10,10,112,10,9,12478,1.52,960.0
28,1934,5,4,8,10,10,145,15,4,15806,1.3,587.0
28,1935,4,5,10,10,8,145,10,8,13065,1.49,767.0
28,1936,4,5,11,10,14,145,10,4,11879,1.74,1110.0
28,1937,4,4,8,10,8,145,11,11,17184,1.26,429.0
28,1938,5,6,10,9,8,112,17,4,29133,1.51,1205.0
28,1939,4,6,12,10,10,80,15,4,13146,2.01,2186.0
28,1940,4,8,11,14,10,154,11,12,11950,1.73,1828.0
28,1941,4,6,10,10,10,150,11,11,12278,1.49,1007.0
28,1942,4,6,11,10,14,145,19,10,11925,1.85,2171.0
28,1943,4,6,10,13,13,145,10,4,12002,1.58,1252.0
28,1944,4,8,11,14,11,145,10,5,11847,1.85,1881.0
28,1945,4,5,8,9,14,179,10,4,14003,1.38,590.0
28,1946,5,6,8,10,8,66,10,4,29529,1.34,456.0
28,1947,4,4,9,9,12,134,13,10,14929,1.39,609.0
28,1948,4,8,8,10,10,145,10,4,22624,1.41,748.0
28,1949,5,4,9,11,8,66,15,4,29709,1.42,876.0
28,1950,5,6,9,10,14,145,10,5,12468,1.55,762.0
28,1951,5,6,10,10,11,112,11,9,12606,1.57,794.0
28,1952,5,6,8,11,10,145,10,4,13450,1.41,500.0
28,1953,5,6,9,10,14,145,10,10,12454,1.55,762.0
28,1954,4,6,8,14,8,112,11,10,14258,1.35,709.0
29,1955,4,6,11,10,14,112,10,10,12154,1.77,1346.0
29,1956,7,8,11,14,11,179,10,4,12469,1.87,1541.0
29,1957,4,6,10,11,11,150,11,7,12132,1.54,1031.0
29,1958,6,5,9,8,13,134,10,4,18871,1.54,606.0
29,1959,4,5,10,10,10,145,10,4,12314,1.52,817.0
29,1960,4,6,11,14,11,112,10,11,12182,1.79,1555.0
29,1961,4,6,8,13,14,145,10,10,13358,1.35,734.0
29,1962,4,8,9,10,14,179,17,7,12303,1.6,1764.0
29,1963,4,6,11,9,10,150,11,11,11937,1.69,1151.0
29,1964,4,6,8,9,11,112,10,11,13180,1.38,583.0
29,1965,4,6,8,13,13,145,10,5,12745,1.35,715.0
29,1966,4,6,8,10,13,187,11,5,13682,1.41,770.0
29,1967,4,7,10,12,13,145,10,4,12169,1.6,1316.0
29,1968,4,5,10,11,10,145,11,6,12392,1.53,997.0
29,1969,5,4,10,9,14,145,19,11,14154,1.51,1255.0
29,1970,4,6,8,13,8,112,11,5,13993,1.38,673.0
29,1971,5,4,8,9,13,63,10,4,14564,1.33,385.0
29,1972,4,6,8,14,13,154,13,10,13130,1.44,1060.0
29,1973,5,8,8,14,8,66,10,4,27783,1.39,690.0
29,1974,4,4,8,10,13,145,10,4,15482,1.33,496.0
29,1975,5,4,8,10,12,66,10,9,14734,1.32,376.0
29,1976,5,4,8,10,8,112,10,4,29691,1.3,342.0
29,1977,4,4,10,8,14,86,10,4,13757,1.46,708.0
29,1978,4,8,11,13,14,145,11,4,11754,1.85,1956.0
29,1979,4,6,10,10,14,187,19,7,12357,1.57,1713.0
29,1980,4,6,11,14,10,145,11,5,11988,1.69,1409.0
29,1981,5,6,10,10,8,145,10,5,29299,1.53,712.0
29,1982,4,6,9,13,14,145,11,4,12442,1.51,1008.0
29,1983,4,5,10,8,13,145,19,5,12185,1.55,1464.0
29,1984,5,5,8,12,8,112,10,11,27919,1.4,524.0
29,1985,4,4,11,10,14,145,11,4,13654,1.65,884.0
29,1986,4,6,10,10,14,145,15,11,12040,1.58,1602.0
29,1987,4,8,11,13,13,145,11,7,14510,1.83,1879.0
29,1988,4,6,10,10,10,145,11,10,12288,1.49,1006.0
29,1989,4,5,8,8,10,150,10,4,21941,1.34,474.0
29,1990,5,4,10,10,13,112,11,4,17180,1.51,614.0
29,1991,4,6,8,10,13,145,11,11,12973,1.41,766.0
29,1992,4,6,9,14,10,145,10,11,12465,1.46,858.0
29,1993,5,4,8,11,13,67,11,4,14663,1.3,406.0
29,1994,5,6,10,10,8,150,11,11,29377,1.54,733.0
29,1995,4,4,8,10,14,112,19,4,15722,1.29,1039.0
29,1996,4,4,11,10,10,63,11,11,13243,1.6,773.0
29,1997,4,5,8,8,8,145,10,10,14815,1.32,449.0
29,1998,4,6,11,10,14,145,11,11,11753,1.77,1367.0
29,1999,4,8,10,10,14,179,10,4,12111,1.64,1515.0
29,2000,4,5,11,9,11,112,10,10,12382,1.72,998.0
29,2001,4,6,8,10,10,145,11,11,21875,1.34,632.0
29,2002,4,6,11,10,14,179,10,4,12175,1.78,1352.0
29,2003,5,8,10,10,14,145,12,4,12314,1.67,1174.0
29,2004,5,4,8,9,13,145,11,4,15654,1.36,436.0
29,2005,4,5,8,9,13,145,11,11,13136,1.39,638.0
29,2006,5,4,9,8,8,112,11,4,30763,1.37,451.0
29,2007,4,8,11,9,14,145,10,4,11801,1.83,1842.0
29,2008,4,5,8,10,11,179,11,5,13453,1.34,563.0
29,2009,4,6,10,10,13,179,10,7,12381,1.54,1067.0
29,2010,4,6,10,10,10,145,11,11,12169,1.49,1006.0
29,2011,5,5,10,8,14,145,10,7,12387,1.57,693.0
29,2012,4,5,10,12,10,145,11,4,12358,1.51,993.0
29,2013,4,6,11,12,14,145,10,6,11939,1.77,1385.0
29,2014,4,4,8,12,10,187,10,11,22000,1.34,536.0
29,2015,4,6,11,10,13,145,11,10,14907,1.77,1329.0
29,2016,4,5,11,14,14,141,10,4,12072,1.83,1469.0
29,2017,4,6,9,10,12,145,13,10,12584,1.45,867.0
29,2018,4,6,11,10,10,134,11,10,12105,1.69,1162.0
29,2019,4,6,8,14,14,67,10,10,14096,1.38,847.0
29,2020,4,4,11,14,13,145,11,11,16797,1.68,1103.0
30,2021,5,8,11,10,14,179,10,4,14879,1.88,1389.0
30,2022,4,6,9,10,11,145,11,9,19109,1.48,776.0
30,2023,4,5,9,10,14,179,10,4,12728,1.48,815.0
30,2024,4,8,11,10,13,145,12,4,14763,1.83,1853.0
30,2025,4,5,11,10,14,145,11,4,12017,1.73,1119.0
30,2026,4,8,10,10,10,179,10,4,12201,1.58,1308.0
30,2027,4,4,8,10,10,145,10,4,22118,1.29,438.0
30,2028,5,6,8,9,12,77,10,11,13804,1.41,530.0
30,2029,4,8,8,10,14,145,15,4,13101,1.44,1235.0
30,2030,4,8,11,10,12,179,13,4,11744,1.87,2027.0
30,2031,4,6,9,14,14,134,10,10,12452,1.51,1009.0
30,2032,4,6,8,12,11,112,10,11,12908,1.38,639.0
30,2033,5,5,8,13,14,145,10,5,13202,1.39,552.0
30,2034,4,5,10,10,14,150,19,4,12209,1.56,1533.0
30,2035,5,4,9,9,11,182,10,10,14258,1.38,406.0
30,2036,4,5,11,10,12,134,11,10,12379,1.72,1054.0
30,2037,4,6,9,10,10,145,13,11,12531,1.44,804.0
30,2038,4,5,10,10,14,167,10,4,12224,1.54,921.0
30,2039,4,5,10,13,14,145,10,11,12163,1.57,1103.0
30,2040,4,6,8,10,11,112,10,4,12987,1.34,633.0
30,2041,4,4,10,8,10,145,10,4,14615,1.45,666.0
30,2042,4,5,8,10,8,63,10,10,14766,1.34,499.0
30,2043,4,6,10,10,14,145,10,10,11934,1.56,1100.0
30,2044,4,6,11,14,10,145,15,4,11910,1.81,1809.0
30,2045,4,8,11,10,14,63,10,4,12766,1.84,1852.0
30,2046,4,4,9,8,8,179,11,10,16364,1.34,504.0
30,2047,4,4,11,10,13,145,11,5,16549,1.64,861.0
30,2048,4,6,8,14,14,67,10,11,14082,1.38,847.0
30,2049,4,8,8,10,10,122,10,4,22158,1.41,745.0
30,2050,5,4,11,10,14,179,12,4,16792,1.68,719.0
30,2051,4,4,8,14,8,145,10,4,16890,1.25,524.0
30,2052,5,6,9,10,12,66,10,11,16966,1.53,720.0
30,2053,4,4,8,14,10,145,15,11,22381,1.39,1026.0
30,2054,4,6,10,10,13,67,11,4,12993,1.57,1181.0
30,2055,4,6,10,10,13,145,11,5,11979,1.57,1192.0
30,2056,4,5,8,10,10,145,10,4,21544,1.33,524.0
30,2057,4,8,9,11,14,145,10,4,12323,1.53,1132.0
30,2058,5,6,11,14,14,179,10,10,15233,1.86,1302.0
30,2059,4,6,10,10,14,145,19,5,12145,1.57,1708.0
30,2060,4,6,8,8,8,145,10,10,14796,1.32,561.0
30,2061,4,4,8,9,13,63,10,5,14814,1.29,445.0
30,2062,4,6,11,14,10,145,11,4,11734,1.69,1408.0
30,2063,4,8,10,10,10,179,15,7,12259,1.64,1627.0
30,2064,4,4,9,9,13,77,10,11,14579,1.35,511.0
30,2065,4,5,8,10,12,145,10,4,13317,1.37,597.0
30,2066,5,5,12,10,10,145,10,6,12244,1.94,1016.0
30,2067,5,4,8,10,14,112,10,4,15127,1.33,397.0
30,2068,4,8,11,14,10,179,10,4,11864,1.84,1829.0
30,2069,5,4,8,10,8,66,11,10,30786,1.29,369.0
30,2070,4,5,10,13,10,145,11,11,12303,1.49,923.0
30,2071,4,6,11,10,14,145,19,5,11730,1.85,2171.0
30,2072,4,5,11,10,14,145,10,5,11902,1.74,1111.0
30,2073,5,6,8,10,10,145,10,6,13531,1.36,477.0
30,2074,4,4,8,8,14,145,11,11,16520,1.33,502.0
30,2075,4,5,10,14,13,67,11,4,13078,1.59,1153.0
30,2076,4,6,11,10,14,179,11,4,11966,1.78,1368.0
30,2077,4,8,10,12,14,145,10,11,12061,1.63,1545.0
30,2078,5,6,8,13,8,112,11,4,29660,1.44,649.0
30,2079,5,4,8,9,8,112,10,11,30480,1.33,354.0
30,2080,4,6,8,9,11,112,11,10,13199,1.34,646.0
30,2081,4,6,10,10,14,145,19,7,11904,1.57,1708.0
30,2082,4,6,10,13,10,179,11,5,12411,1.5,1073.0
30,2083,5,5,11,10,10,112,10,4,12792,1.69,730.0
30,2084,4,4,8,10,10,145,11,11,22415,1.32,473.0
30,2085,4,6,11,11,11,134,11,4,12050,1.75,1263.0
30,2086,6,6,9,10,10,145,10,10,14063,1.54,650.0
30,2087,5,6,8,13,10,145,10,5,13511,1.42,559.0
30,2088,4,6,11,8,13,145,10,4,14853,1.77,1292.0
31,2089,4,6,11,13,13,145,10,5,14630,1.83,1604.0
31,2090,4,6,11,13,14,179,19,5,12056,1.86,2223.0
31,2091,4,6,10,10,9,145,10,4,12374,1.51,925.0
31,2092,4,5,11,13,13,145,11,5,14917,1.79,1297.0
31,2093,5,4,10,9,13,145,10,4,18113,1.55,635.0
31,2094,5,6,8,10,14,63,10,4,14182,1.42,559.0
31,2095,4,8,10,10,14,145,10,4,12087,1.64,1511.0
31,2096,5,6,10,10,14,112,10,5,12278,1.59,834.0
31,2097,5,5,8,13,14,145,11,5,13470,1.41,581.0
31,2098,6,4,9,9,14,125,10,5,15045,1.48,497.0
31,2099,4,6,11,10,11,145,10,5,12015,1.75,1225.0
31,2100,5,7,9,10,8,187,10,5,29627,1.46,663.0
31,2101,4,4,10,9,10,179,11,7,14254,1.46,713.0
31,2102,4,4,10,10,13,63,10,10,13330,1.45,715.0
31,2103,4,6,8,8,8,145,10,4,14715,1.32,559.0
31,2104,4,5,8,9,10,187,11,11,22638,1.34,538.0
31,2105,4,4,11,10,13,145,10,11,16523,1.63,840.0
31,2106,4,6,10,12,10,145,15,11,12219,1.56,1272.0
31,2107,5,4,8,10,10,145,10,4,15683,1.32,359.0
31,2108,4,5,11,10,8,66,10,4,13219,1.63,870.0
31,2109,4,6,9,10,14,145,11,5,12593,1.47,827.0
31,2110,4,5,11,8,13,145,10,4,14884,1.76,1072.0
31,2111,4,8,8,8,14,179,10,4,13138,1.46,948.0
31,2112,4,4,11,14,8,63,10,10,13197,1.62,978.0
31,2113,4,4,8,10,14,63,10,10,14950,1.33,501.0
31,2114,4,5,10,8,8,145,10,4,13245,1.5,757.0
31,2115,4,4,9,10,9,130,11,11,15276,1.35,487.0
31,2116,4,6,10,14,13,145,10,11,11884,1.61,1348.0
31,2117,4,6,11,10,12,77,10,11,12836,1.75,1260.0
31,2118,4,4,8,9,14,145,10,5,16132,1.3,470.0
31,2119,4,5,8,12,13,145,10,11,13112,1.37,605.0
31,2120,5,4,8,10,10,187,10,6,14922,1.32,364.0
31,2121,4,5,10,14,10,145,11,11,12478,1.52,1037.0
31,2122,4,6,11,13,10,193,20,4,12183,1.69,2173.0
31,2123,4,7,8,10,14,179,11,4,13449,1.44,944.0
31,2124,5,4,8,9,8,112,16,11,30776,1.3,748.0
31,2125,5,5,10,12,10,145,10,4,12386,1.52,687.0
31,2126,5,6,9,11,10,145,10,6,12659,1.44,590.0
31,2127,4,4,8,14,8,112,10,11,16595,1.24,522.0
31,2128,5,5,11,9,14,145,11,10,15070,1.77,846.0
31,2129,4,5,10,10,10,153,11,11,12310,1.51,837.0
31,2130,4,5,11,8,9,145,11,4,12118,1.64,919.0
31,2131,4,4,8,9,10,112,13,11,21639,1.28,492.0
31,2132,5,6,9,10,10,145,10,4,12733,1.49,642.0
31,2133,4,6,11,14,8,145,10,12,12249,1.75,1432.0
31,2134,4,6,8,14,14,112,10,10,12951,1.38,853.0
31,2135,4,6,11,10,14,179,11,10,12056,1.78,1371.0
31,2136,4,5,10,8,14,150,11,4,12205,1.52,907.0
31,2137,4,8,11,10,13,179,11,4,15013,1.84,1811.0
31,2138,5,4,8,10,13,66,10,4,14836,1.32,383.0
31,2139,5,4,8,9,12,63,10,9,14764,1.33,378.0
31,2140,4,4,8,12,8,112,10,11,16729,1.32,495.0
31,2141,5,6,8,10,11,66,10,4,19320,1.36,484.0
31,2142,5,6,10,11,14,145,10,5,12269,1.64,959.0
31,2143,4,6,9,13,14,145,19,10,12374,1.49,1528.0
31,2144,4,5,8,10,11,145,10,4,13494,1.38,560.0
31,2145,4,5,11,9,14,145,10,5,12054,1.74,1085.0
31,2146,4,6,9,13,13,145,10,5,12358,1.49,939.0
31,2147,5,5,11,10,10,145,10,10,12352,1.7,735.0
31,2148,4,6,8,13,14,145,20,5,13274,1.47,1595.0
31,2149,5,6,9,9,11,145,10,10,12959,1.5,601.0
31,2150,4,5,8,11,14,112,10,11,13623,1.37,609.0
32,2151,5,5,11,14,14,145,10,4,14988,1.85,1088.0
32,2152,4,8,8,12,14,179,10,5,12869,1.46,1015.0
32,2153,4,5,9,8,9,150,11,4,13114,1.44,615.0
32,2154,4,5,10,8,10,112,10,4,12718,1.51,800.0
32,2155,5,5,8,10,13,150,11,4,13905,1.42,552.0
32,2156,4,6,11,13,14,145,11,4,11715,1.83,1618.0
32,2157,4,8,10,10,13,179,11,5,11948,1.66,1635.0
32,2158,7,8,10,14,10,145,11,4,29644,1.76,1575.0
32,2159,4,8,8,13,13,145,10,11,12547,1.42,945.0
32,2160,4,5,10,9,10,145,11,11,12413,1.5,825.0
32,2161,4,4,9,9,11,146,10,5,20223,1.35,476.0
32,2162,4,5,8,14,11,145,10,5,13416,1.39,705.0
32,2163,4,8,8,9,13,145,10,4,12911,1.46,965.0
32,2164,4,6,11,14,10,53,11,4,12997,1.68,1396.0
32,2165,4,6,8,13,14,112,10,11,12983,1.35,731.0
32,2166,4,6,10,12,11,145,19,9,12064,1.58,1662.0
32,2167,4,5,11,10,10,145,10,12,11944,1.66,951.0
32,2168,5,7,9,11,14,145,10,10,12530,1.57,869.0
32,2169,4,5,9,8,8,145,11,10,14675,1.41,625.0
32,2170,4,4,8,8,13,63,10,4,14661,1.33,479.0
32,2171,4,4,8,9,13,77,10,5,15178,1.29,447.0
32,2172,4,4,8,9,12,187,10,11,14520,1.3,450.0
32,2173,4,6,8,12,13,145,11,5,12965,1.41,763.0
32,2174,4,5,10,13,13,145,10,11,12304,1.57,1070.0
32,2175,5,6,12,13,14,145,11,5,11969,2.07,1640.0
32,2176,4,4,11,9,8,112,10,11,14262,1.56,692.0
32,2177,4,4,8,12,13,66,10,4,14922,1.27,481.0
32,2178,5,4,8,10,8,187,10,11,30606,1.31,353.0
32,2179,4,6,11,14,13,145,10,5,14770,1.81,1652.0
32,2180,4,8,8,13,11,145,10,4,12562,1.41,869.0
32,2181,4,6,9,10,10,145,13,10,12750,1.44,804.0
32,2182,4,6,10,10,12,134,15,4,16458,1.55,1530.0
32,2183,6,4,11,10,10,112,10,4,14164,1.67,593.0
32,2184,4,5,11,10,14,145,12,4,11960,1.78,1340.0
32,2185,4,8,11,10,14,179,10,4,11558,1.85,1862.0
32,2186,4,6,11,13,10,145,10,4,11928,1.67,1336.0
32,2187,4,4,10,8,8,150,11,10,15239,1.44,639.0
32,2188,5,5,8,10,14,66,11,4,14176,1.43,555.0
32,2189,4,5,10,10,14,145,10,5,12160,1.54,918.0
32,2190,5,6,11,12,10,145,10,4,12281,1.79,1078.0
32,2191,5,6,11,10,14,145,11,10,14949,1.81,1026.0
32,2192,5,4,8,9,14,145,10,5,15312,1.32,394.0
32,2193,4,6,11,13,13,63,10,4,14466,1.83,1593.0
32,2194,4,5,10,13,10,145,10,5,12415,1.56,989.0
32,2195,5,5,8,13,14,145,11,11,13201,1.41,582.0
32,2196,4,5,8,10,10,145,11,6,21740,1.32,540.0
32,2197,4,6,8,13,9,145,10,5,13607,1.41,751.0
32,2198,6,5,10,8,14,150,11,4,17423,1.66,787.0
32,2199,4,6,8,14,8,112,10,5,14110,1.32,685.0
32,2200,4,5,11,10,10,108,11,11,12448,1.65,968.0
33,2201,4,4,11,8,10,145,10,10,14051,1.59,739.0
33,2202,4,5,8,10,8,63,11,11,14975,1.32,505.0
33,2203,4,5,11,10,13,179,10,4,14886,1.74,1071.0
33,2204,4,6,9,10,14,145,10,7,12454,1.47,808.0
33,2205,4,8,11,14,14,146,10,4,11909,1.87,2050.0
33,2206,4,6,10,10,9,138,12,5,12543,1.52,966.0
33,2207,4,6,8,12,11,150,10,11,12935,1.39,643.0
33,2208,4,6,10,10,14,112,19,11,12280,1.56,1705.0
33,2209,4,6,11,12,10,145,11,4,11906,1.69,1204.0
33,2210,4,5,8,14,13,145,10,11,13386,1.37,693.0
33,2211,5,6,8,10,14,132,10,5,13136,1.43,567.0
33,2212,4,7,10,9,10,145,10,11,12639,1.55,1132.0
33,2213,4,6,10,10,10,145,15,5,12325,1.49,1411.0
33,2214,5,4,8,12,14,66,10,4,14707,1.31,414.0
33,2215,5,5,8,10,8,145,10,5,27801,1.34,402.0
33,2216,4,4,11,14,14,67,10,11,13098,1.73,1180.0
33,2217,4,6,10,13,13,145,11,10,12074,1.57,1270.0
33,2218,4,4,8,12,13,145,10,11,15579,1.28,494.0
33,2219,4,6,10,13,14,187,19,5,12321,1.58,1788.0
33,2220,5,4,10,12,8,63,10,4,29712,1.44,551.0
33,2221,4,5,8,8,10,145,10,10,21790,1.34,475.0
33,2222,4,5,10,14,14,145,10,4,12185,1.56,1142.0
33,2223,4,6,9,14,13,145,10,11,12267,1.5,988.0
33,2224,5,4,8,12,14,187,10,11,14560,1.32,431.0
33,2225,4,6,11,10,14,184,18,11,12099,1.94,2456.0
33,2226,5,4,8,9,8,66,10,4,29623,1.33,347.0
33,2227,5,8,11,9,14,63,10,4,14800,1.87,1368.0
33,2228,4,5,8,10,13,145,10,4,13182,1.38,615.0
33,2229,4,8,8,14,13,151,10,4,12595,1.44,1023.0
33,2230,4,8,8,13,11,145,11,4,12765,1.43,931.0
33,2231,4,6,11,13,14,145,10,4,11813,1.84,1645.0
33,2232,4,5,11,8,14,145,15,4,12052,1.76,1386.0
33,2233,4,5,10,13,13,150,11,5,12109,1.57,1076.0
33,2234,7,6,10,8,14,145,11,4,12803,1.77,1080.0
33,2235,5,8,8,13,13,145,10,11,13141,1.48,817.0
33,2236,4,5,8,10,10,145,10,6,21330,1.33,525.0
33,2237,5,4,8,9,8,66,11,10,30990,1.28,369.0
33,2238,4,5,10,10,10,145,11,11,12511,1.51,836.0
33,2239,4,5,11,10,10,112,10,4,12399,1.65,945.0
33,2240,6,6,10,10,14,145,10,8,17174,1.63,816.0
33,2241,4,5,8,8,14,145,11,5,13817,1.37,605.0
33,2242,5,5,10,10,13,150,11,5,16432,1.56,712.0
33,2243,4,6,10,10,8,66,15,10,13322,1.52,1197.0
33,2244,5,4,8,10,10,145,11,4,15624,1.32,403.0
33,2245,5,6,10,10,14,145,11,4,12291,1.59,856.0
33,2246,4,6,11,14,10,112,11,5,12174,1.68,1404.0
33,2247,5,4,8,10,10,112,11,4,15471,1.31,398.0
33,2248,4,5,11,10,8,145,11,11,12429,1.62,904.0
33,2249,4,8,10,14,13,145,11,4,12222,1.71,1932.0
33,2250,4,6,11,9,14,179,10,5,12252,1.78,1337.0
33,2251,5,4,10,8,10,150,11,4,14283,1.49,545.0
33,2252,4,5,8,10,14,112,11,4,13794,1.38,660.0
33,2253,4,8,11,14,14,118,13,4,12094,1.91,2341.0
33,2254,4,6,11,13,13,145,11,4,14537,1.82,1578.0
33,2255,4,6,11,13,10,145,11,10,12140,1.68,1324.0
33,2256,6,6,10,14,13,145,10,5,12486,1.62,991.0
33,2257,4,6,8,13,13,145,10,11,12939,1.35,717.0
33,2258,4,5,8,8,13,63,10,5,14187,1.33,509.0
33,2259,4,4,10,9,14,150,11,4,14216,1.46,734.0
34,2260,4,4,8,8,8,145,10,10,17045,1.25,396.0
34,2261,5,5,8,12,14,63,11,4,14099,1.41,528.0
34,2262,4,5,10,10,14,145,15,4,12209,1.57,1387.0
34,2263,4,4,8,9,10,145,10,5,22484,1.29,410.0
34,2264,4,6,11,10,13,63,10,5,14788,1.76,1300.0
34,2265,4,6,10,10,11,145,18,11,12007,1.57,1539.0
34,2266,4,6,8,9,8,112,11,5,14154,1.32,594.0
34,2267,5,4,10,13,13,145,11,11,18151,1.49,693.0
34,2268,5,5,8,12,8,112,11,9,28298,1.38,489.0
34,2269,4,5,10,10,14,112,11,5,12511,1.52,925.0
34,2270,4,6,10,10,13,66,10,4,12832,1.53,1053.0
34,2271,5,4,8,14,8,145,10,11,30206,1.28,450.0
34,2272,5,4,8,10,8,145,10,11,30623,1.31,348.0
34,2273,4,6,10,14,12,66,10,5,16006,1.59,1299.0
34,2274,4,4,8,10,8,63,10,4,15328,1.26,400.0
34,2275,4,8,11,10,14,126,10,10,11986,1.85,1859.0
34,2276,4,8,8,13,11,136,10,4,13005,1.41,868.0
34,2277,4,6,8,13,14,145,19,11,13544,1.41,1286.0
34,2278,5,5,10,10,14,150,10,5,12296,1.63,846.0
34,2279,4,6,11,13,12,145,10,4,11928,1.83,1555.0
34,2280,4,5,9,10,14,145,19,5,12501,1.49,1343.0
34,2281,5,6,10,10,14,145,10,11,12499,1.6,840.0
34,2282,4,5,9,12,13,82,11,11,13347,1.48,807.0
34,2283,4,4,8,8,13,187,10,4,14125,1.34,495.0
34,2284,4,6,11,13,14,179,10,4,11919,1.84,1649.0
34,2285,4,8,11,14,14,145,10,5,11825,1.87,2050.0
34,2286,5,4,11,10,10,145,11,4,13706,1.62,594.0
34,2287,4,5,8,10,8,66,10,11,14807,1.34,500.0
34,2288,4,6,11,10,8,112,10,5,12641,1.65,1057.0
34,2289,4,6,8,14,14,145,10,5,13420,1.39,855.0
34,2290,4,6,8,13,11,145,10,11,13005,1.35,665.0
34,2291,4,6,10,12,13,112,11,5,12204,1.63,1382.0
34,2292,4,4,8,9,8,66,10,4,15376,1.3,383.0
34,2293,5,5,9,10,13,145,11,10,12627,1.51,661.0
34,2294,4,4,8,9,11,187,10,5,14713,1.3,425.0
34,2295,4,5,8,9,13,145,10,11,13211,1.38,572.0
34,2296,5,4,10,13,8,145,11,4,29672,1.44,619.0
34,2297,4,5,8,10,10,66,10,11,19105,1.33,515.0
34,2298,5,4,8,10,14,112,10,10,15046,1.33,398.0
34,2299,4,6,8,10,11,145,10,11,13130,1.35,639.0
34,2300,4,6,11,12,10,112,11,10,12203,1.68,1202.0
34,2301,4,6,10,10,14,179,12,4,12133,1.55,1134.0
34,2302,4,4,11,8,14,63,10,10,13200,1.63,829.0
34,2303,4,5,8,10,8,145,10,4,14991,1.35,507.0
34,2304,4,5,11,10,10,145,10,11,11975,1.66,951.0
34,2305,5,6,8,10,10,145,11,4,13458,1.37,543.0
34,2306,6,6,11,13,14,145,11,4,12261,1.92,1200.0
34,2307,4,5,8,9,13,187,10,11,13720,1.39,577.0
34,2308,4,4,8,12,11,112,10,11,15718,1.35,539.0
34,2309,4,6,11,10,13,145,10,4,14730,1.77,1310.0
34,2310,5,5,9,14,10,145,10,11,12911,1.5,619.0
34,2311,4,4,11,14,14,145,10,5,13812,1.74,1188.0
34,2312,5,6,12,9,11,187,10,10,13103,1.95,1244.0
34,2313,4,5,11,10,8,145,10,5,12425,1.64,879.0
34,2314,5,8,8,12,14,179,10,4,12949,1.49,796.0
34,2315,4,8,11,14,14,145,11,4,11778,1.94,2351.0
34,2316,5,6,10,10,14,145,11,10,12050,1.59,857.0
34,2317,4,6,11,10,10,112,10,5,12202,1.68,1141.0
35,2318,4,5,8,12,14,145,10,5,13978,1.37,619.0
35,2319,5,6,8,13,13,145,10,5,13183,1.45,636.0
35,2320,4,4,8,9,13,66,11,10,14757,1.33,500.0
35,2321,5,4,8,12,8,187,10,11,30396,1.35,431.0
35,2322,5,8,8,9,13,70,10,10,13630,1.47,731.0
35,2323,4,4,8,12,14,187,10,4,14778,1.28,508.0
35,2324,5,6,11,13,14,145,10,5,14956,1.85,1122.0
35,2325,5,5,8,10,10,66,10,4,14562,1.35,410.0
35,2326,4,4,11,10,8,145,11,11,14311,1.58,739.0
35,2327,4,6,11,13,14,145,15,5,11721,1.85,1882.0
35,2328,5,8,8,14,14,179,10,4,12939,1.5,865.0
35,2329,4,4,11,10,10,112,10,4,13838,1.59,748.0
35,2330,4,5,9,11,14,145,11,10,12483,1.48,838.0
35,2331,5,8,11,10,13,179,12,4,12287,1.87,1380.0
35,2332,4,4,11,12,14,187,10,11,12690,1.65,907.0
35,2333,4,8,8,10,13,179,12,4,12869,1.42,959.0
35,2334,8,6,8,10,13,145,11,10,14088,1.51,1431.0
35,2335,4,6,10,14,10,145,11,5,12223,1.53,1208.0
35,2336,4,6,11,13,14,145,19,4,11830,1.86,2219.0
35,2337,4,5,11,9,10,63,10,5,13016,1.65,929.0
35,2338,4,4,8,10,10,112,10,4,21478,1.28,433.0
35,2339,5,6,10,10,10,145,12,4,12477,1.59,892.0
35,2340,4,8,9,10,10,179,10,4,12654,1.51,948.0
35,2341,5,6,11,11,14,145,10,4,14833,1.81,1032.0
35,2342,5,8,8,10,14,179,10,5,13108,1.49,753.0
35,2343,5,6,9,13,14,167,10,10,12587,1.53,798.0
35,2344,4,5,11,14,14,179,10,4,11822,1.83,1473.0
35,2345,8,4,8,8,8,63,10,7,28413,1.43,1078.0
35,2346,4,4,8,9,14,187,10,7,14851,1.3,475.0
35,2347,4,6,9,8,12,128,14,7,12607,1.47,1060.0
35,2348,4,6,11,10,14,66,10,5,12903,1.77,1340.0
35,2349,4,8,11,13,14,145,10,4,12018,1.85,1950.0
35,2350,4,8,8,14,11,179,10,4,12848,1.43,949.0
35,2351,4,4,8,9,8,63,11,4,15416,1.26,405.0
35,2352,4,6,10,8,13,187,10,4,12735,1.54,1045.0
35,2353,4,4,8,10,13,63,10,10,14877,1.32,487.0
35,2354,5,4,8,9,8,66,11,5,30326,1.28,367.0
35,2355,5,4,8,9,13,66,11,10,14975,1.35,428.0
35,2356,4,5,9,8,8,145,11,4,14412,1.41,623.0
35,2357,4,5,11,10,10,145,10,5,12026,1.66,949.0
35,2358,4,8,11,10,14,145,12,4,12015,1.84,1908.0
35,2359,4,6,10,14,10,145,11,11,12204,1.53,1209.0
35,2360,4,6,11,10,13,145,10,10,14864,1.77,1312.0
35,2361,4,4,10,8,8,189,19,10,14214,1.45,1174.0
35,2362,4,6,10,13,14,150,19,11,12171,1.58,1783.0
35,2363,4,6,8,10,14,145,11,10,13492,1.42,788.0
35,2364,5,5,11,12,10,145,11,4,12376,1.77,931.0
35,2365,5,4,8,9,13,187,11,4,14668,1.36,440.0
36,2366,5,6,10,10,10,145,10,7,12493,1.56,752.0
36,2367,4,6,8,10,10,179,11,4,22597,1.34,634.0
36,2368,4,4,11,10,14,179,10,4,13607,1.65,865.0
36,2369,4,6,11,10,14,179,15,4,11955,1.84,1795.0
36,2370,4,8,10,14,10,145,10,4,12299,1.61,1603.0
36,2371,5,6,8,10,8,132,10,5,29487,1.34,463.0
36,2372,4,4,8,10,14,63,10,4,14848,1.33,499.0
36,2373,4,4,10,12,13,171,19,5,13954,1.47,1331.0
36,2374,8,7,8,13,13,75,16,4,13627,1.58,2492.0
36,2375,5,4,9,11,13,67,10,11,14049,1.42,473.0
36,2376,4,6,8,14,14,145,11,10,13206,1.35,828.0
36,2377,5,8,8,10,11,112,11,4,20469,1.41,644.0
36,2378,4,4,8,13,8,145,10,4,16731,1.28,501.0
36,2379,4,6,8,10,14,145,10,11,13426,1.41,776.0
36,2380,4,6,8,14,13,145,11,11,12905,1.35,810.0
36,2381,4,4,8,13,14,145,11,4,15962,1.33,568.0
36,2382,5,6,11,10,8,112,11,4,28929,1.68,828.0
36,2383,4,6,8,10,8,63,10,4,15066,1.35,588.0
36,2384,4,4,10,8,10,145,12,10,14623,1.46,707.0
36,2385,4,6,10,13,14,150,19,5,12259,1.58,1783.0
36,2386,4,6,8,10,13,145,10,11,13023,1.41,746.0
36,2387,4,6,10,14,14,145,15,10,11982,1.64,1561.0
36,2388,4,6,11,10,10,145,20,4,11851,1.67,2058.0
36,2389,4,5,10,8,13,150,20,9,12265,1.53,1813.0
36,2390,5,4,8,10,10,66,10,4,14790,1.31,350.0
36,2391,5,4,8,12,14,145,11,4,15274,1.31,445.0
36,2392,5,5,8,10,8,66,10,4,29334,1.33,394.0
36,2393,4,8,8,14,13,54,11,4,13593,1.46,1068.0
36,2394,4,8,11,10,10,145,10,4,11794,1.81,1624.0
36,2395,4,5,8,14,13,145,10,4,13071,1.37,691.0
36,2396,4,6,11,13,11,145,10,5,12060,1.82,1511.0
36,2397,4,5,8,9,14,112,10,11,13927,1.37,584.0
36,2398,4,6,11,10,8,145,10,5,12249,1.66,1061.0
36,2399,4,8,8,13,10,145,11,11,22405,1.42,912.0
36,2400,4,5,11,10,11,145,10,4,12102,1.73,1009.0
36,2401,4,5,9,10,14,145,10,4,12698,1.48,811.0
36,2402,4,5,11,10,14,127,10,4,12526,1.74,1110.0
36,2403,4,4,10,9,14,66,10,11,13422,1.46,714.0
36,2404,5,6,8,10,8,145,11,5,29777,1.39,543.0
36,2405,4,5,10,13,10,145,11,10,12558,1.49,923.0
36,2406,5,5,8,14,14,145,10,10,13271,1.43,635.0
36,2407,4,6,11,12,14,145,10,5,11965,1.77,1385.0
36,2408,4,6,10,10,10,150,19,10,12231,1.55,1587.0
36,2409,4,6,11,10,14,145,11,6,11737,1.77,1365.0
36,2410,4,6,10,14,14,145,19,5,12098,1.6,1915.0
36,2411,5,6,11,10,10,145,11,10,12182,1.71,874.0
36,2412,4,6,8,10,14,132,10,5,13478,1.41,772.0
36,2413,4,6,11,14,14,145,11,5,11855,1.85,1703.0
36,2414,4,6,10,10,14,179,11,4,12093,1.59,1236.0
36,2415,4,8,11,13,13,145,10,5,14585,1.83,1871.0
36,2416,4,6,11,13,14,145,19,10,11713,1.86,2217.0
36,2417,4,6,10,10,10,145,11,5,12207,1.49,1005.0
36,2418,5,6,9,11,11,112,10,10,12585,1.46,604.0
36,2419,4,5,10,14,13,145,10,11,12153,1.6,1142.0
36,2420,4,6,11,10,10,145,11,11,11947,1.69,1163.0
36,2421,5,5,8,13,10,150,17,6,13916,1.41,892.0
36,2422,4,6,11,10,14,145,11,10,11926,1.77,1366.0
36,2423,4,6,10,13,10,145,19,5,12201,1.53,1708.0
37,2424,5,4,8,9,13,66,11,5,14928,1.35,426.0
37,2425,4,4,8,12,8,66,10,4,15528,1.32,486.0
37,2426,5,6,8,9,10,132,10,7,13489,1.35,469.0
37,2427,4,5,9,10,14,145,10,5,12542,1.48,811.0
37,2428,4,4,8,9,13,77,10,4,15191,1.29,446.0
37,2429,4,5,8,12,12,66,10,11,14233,1.36,580.0
37,2430,4,6,8,14,10,63,10,4,19521,1.33,718.0
37,2431,4,4,11,8,8,145,11,10,14160,1.58,727.0
37,2432,4,6,10,10,14,150,19,5,12081,1.57,1709.0
37,2433,4,6,10,13,14,145,19,11,11949,1.58,1783.0
37,2434,5,4,10,12,8,145,10,4,29579,1.45,561.0
37,2435,5,5,8,10,10,66,13,4,14427,1.36,560.0
37,2436,4,6,11,9,14,145,10,10,11857,1.77,1335.0
37,2437,4,8,11,14,13,179,10,4,14816,1.87,2013.0
37,2438,4,5,10,8,14,166,11,4,12388,1.52,909.0
37,2439,5,5,8,12,14,63,10,10,14367,1.41,513.0
37,2440,4,4,8,8,8,145,10,5,16917,1.25,394.0
37,2441,4,4,10,12,13,187,11,11,12982,1.5,924.0
37,2442,4,6,11,14,13,145,10,11,14749,1.81,1655.0
37,2443,4,8,10,10,14,179,12,4,12021,1.69,1727.0
37,2444,4,4,11,9,12,145,10,11,13951,1.61,792.0
37,2445,4,4,8,9,10,63,10,5,19586,1.28,399.0
37,2446,5,5,8,10,13,66,10,4,14163,1.4,466.0
37,2447,4,6,11,10,14,132,10,5,11947,1.77,1347.0
37,2448,5,5,8,10,10,145,11,11,13780,1.37,478.0
37,2449,5,4,8,13,8,133,11,5,29745,1.31,482.0
37,2450,4,5,10,11,13,194,15,4,12143,1.56,1370.0
37,2451,4,5,10,11,14,150,11,4,12124,1.59,1130.0
37,2452,5,4,8,9,10,66,10,4,14690,1.34,358.0
37,2453,4,5,8,10,11,112,10,11,13807,1.37,558.0
37,2454,5,5,11,9,8,66,11,5,29866,1.66,696.0
37,2455,4,5,8,10,12,145,11,11,13565,1.37,623.0
37,2456,4,6,8,10,8,66,10,7,14837,1.35,589.0
37,2457,6,4,8,10,8,66,10,5,30166,1.33,394.0
37,2458,4,8,8,14,13,161,10,5,12807,1.44,1025.0
37,2459,4,5,9,10,13,145,15,4,12384,1.47,1005.0
37,2460,4,6,10,10,13,179,10,4,12099,1.54,1066.0
37,2461,4,8,11,14,14,145,12,11,12002,1.92,2333.0
37,2462,4,5,8,12,13,63,11,5,14043,1.38,617.0
37,2463,5,4,8,9,14,145,10,4,15317,1.32,393.0
37,2464,4,6,10,10,14,179,10,4,12090,1.56,1102.0
37,2465,6,8,11,10,14,179,10,4,12251,1.93,1275.0
37,2466,4,5,8,8,10,63,10,4,19277,1.33,462.0
37,2467,4,4,11,10,8,145,10,10,14239,1.58,713.0
37,2468,4,6,9,11,14,179,10,4,12696,1.52,948.0
37,2469,5,8,11,14,14,145,10,10,14854,1.97,1741.0
37,2470,4,6,10,13,10,134,11,10,12431,1.5,1069.0
37,2471,4,5,9,10,12,145,13,11,12367,1.47,776.0
37,2472,5,5,11,10,14,145,10,4,15062,1.79,856.0
37,2473,8,5,8,14,10,145,10,4,31061,1.5,1536.0
37,2474,4,6,8,13,14,145,19,5,13274,1.41,1286.0
37,2475,5,4,10,9,13,63,10,4,15975,1.54,620.0
38,2476,4,6,10,13,10,145,19,4,12212,1.53,1708.0
38,2477,4,5,10,14,14,145,11,4,12166,1.62,1205.0
38,2478,4,6,10,10,14,62,19,11,13109,1.56,1700.0
38,2479,4,4,12,9,13,63,10,5,13040,1.78,1148.0
38,2480,5,6,9,10,10,63,10,10,13658,1.48,633.0
38,2481,5,4,8,11,8,145,10,10,30459,1.3,380.0
38,2482,4,6,10,13,13,130,11,5,12265,1.57,1267.0
38,2483,4,6,11,13,14,153,16,4,11823,1.81,1988.0
38,2484,5,4,8,10,11,66,10,10,19883,1.32,362.0
38,2485,5,6,9,11,8,112,10,4,29370,1.39,594.0
38,2486,5,4,9,9,8,63,20,5,30519,1.41,1443.0
38,2487,5,4,8,9,14,187,17,4,14654,1.32,751.0
38,2488,5,8,8,9,10,77,11,10,13738,1.43,613.0
38,2489,4,6,11,10,12,145,10,11,11831,1.76,1268.0
38,2490,4,5,11,8,14,150,10,4,12001,1.77,1104.0
38,2491,4,8,11,12,14,179,10,11,11526,1.86,1923.0
38,2492,4,5,10,8,13,150,13,11,12283,1.58,1140.0
38,2493,4,5,9,10,12,145,11,4,12628,1.48,736.0
38,2494,4,6,10,10,14,145,15,5,11889,1.58,1602.0
38,2495,4,6,9,10,10,145,10,4,12730,1.45,723.0
38,2496,4,6,12,13,13,145,11,5,11893,1.94,1859.0
38,2497,5,4,8,10,8,112,10,5,30442,1.3,342.0
38,2498,5,6,10,10,14,66,10,4,13219,1.59,829.0
38,2499,4,8,10,13,10,145,12,4,12360,1.6,1566.0
38,2500,4,4,8,10,12,63,13,10,14837,1.28,581.0
38,2501,4,6,9,8,8,134,10,10,14598,1.41,694.0
38,2502,4,5,9,13,14,179,10,4,12796,1.47,823.0
38,2503,5,5,11,14,12,145,10,6,12170,1.83,1038.0
38,2504,4,5,8,12,14,187,10,11,13893,1.38,626.0
38,2505,5,4,8,12,13,145,10,5,15526,1.32,416.0
38,2506,4,4,11,10,10,145,10,4,13862,1.6,751.0
38,2507,5,4,8,9,8,66,16,5,30146,1.3,741.0
38,2508,4,5,11,10,14,112,10,11,12285,1.73,1109.0
38,2509,4,8,8,9,11,179,10,4,13299,1.43,821.0
38,2510,5,5,8,13,8,145,11,4,27511,1.42,563.0
38,2511,5,4,8,10,11,112,10,5,20675,1.32,367.0
38,2512,5,4,8,9,10,66,10,5,14752,1.34,358.0
38,2513,7,6,11,13,14,145,11,5,12401,1.97,1350.0
38,2514,4,8,10,14,13,179,10,4,11863,1.66,1773.0
38,2515,4,4,11,12,13,145,10,4,16636,1.64,876.0
38,2516,4,5,8,10,10,66,10,4,18898,1.33,512.0
38,2517,4,5,12,10,14,145,10,4,13804,1.9,1524.0
38,2518,4,5,11,10,8,145,10,4,12268,1.64,879.0
38,2519,4,6,10,10,14,150,12,4,12184,1.55,1131.0
39,2520,4,5,10,8,11,150,11,10,12325,1.53,846.0
39,2521,5,6,9,11,14,112,10,4,12579,1.53,722.0
39,2522,4,6,9,13,12,134,10,5,12360,1.48,913.0
39,2523,4,6,12,13,14,145,13,10,13868,1.95,1986.0
39,2524,4,5,11,14,13,179,10,4,15000,1.83,1442.0
39,2525,5,4,8,10,8,66,11,5,30325,1.29,368.0
39,2526,4,5,11,9,10,112,10,11,12338,1.65,935.0
39,2527,4,5,8,10,11,145,11,11,13420,1.34,560.0
39,2528,4,8,11,10,13,145,10,11,14779,1.83,1807.0
39,2529,4,6,12,14,10,145,12,4,12517,2.0,2021.0
39,2530,4,6,8,12,14,145,19,4,13303,1.35,1285.0
39,2531,5,5,10,13,14,145,11,5,12164,1.62,889.0
39,2532,4,5,11,10,14,179,11,4,11990,1.73,1123.0
39,2533,4,8,10,8,14,150,10,4,12230,1.63,1485.0
39,2534,4,4,8,10,8,63,11,4,15315,1.26,416.0
39,2535,4,8,10,14,13,179,10,11,11934,1.66,1776.0
39,2536,4,8,8,13,13,145,10,4,12604,1.42,943.0
39,2537,4,5,10,8,13,145,11,4,12362,1.51,878.0
39,2538,4,6,10,10,8,145,10,11,12929,1.5,890.0
39,2539,5,4,8,10,14,66,10,4,14434,1.33,391.0
39,2540,4,4,11,8,8,63,10,10,13509,1.56,676.0
39,2541,4,6,11,12,13,145,10,11,14676,1.77,1349.0
39,2542,4,4,8,10,10,187,11,10,22023,1.32,478.0
39,2543,4,6,10,10,8,66,15,4,13467,1.52,1196.0
39,2544,4,8,11,10,12,145,10,4,11880,1.82,1742.0
39,2545,4,6,11,10,14,179,10,11,12301,1.78,1354.0
39,2546,7,5,11,10,10,112,11,5,28055,1.86,1020.0
39,2547,4,6,10,14,10,145,10,11,12096,1.53,1199.0
39,2548,5,4,8,10,9,66,13,4,15200,1.29,419.0
39,2549,4,6,11,14,14,179,10,10,12058,1.83,1710.0
39,2550,4,8,11,12,14,145,10,11,11888,1.85,1920.0
39,2551,4,5,10,11,14,170,10,5,12280,1.57,1026.0
39,2552,5,6,8,12,10,145,12,4,13287,1.36,622.0
39,2553,4,4,8,9,13,77,10,11,15224,1.29,449.0
39,2554,4,5,10,14,12,145,10,8,16551,1.59,1104.0
39,2555,4,5,11,13,14,145,10,5,12000,1.76,1291.0
39,2556,4,6,11,10,14,145,11,4,11971,1.77,1365.0
39,2557,4,6,10,13,14,150,11,4,12107,1.59,1308.0
39,2558,4,6,11,10,14,145,19,11,11820,1.85,2172.0
39,2559,4,4,10,13,14,145,19,5,14378,1.51,1469.0
39,2560,5,5,9,10,10,145,13,11,12957,1.49,588.0
39,2561,4,6,8,10,12,145,10,4,13087,1.4,722.0
39,2562,5,5,8,13,14,145,11,4,13227,1.41,580.0
39,2563,4,6,11,10,10,180,11,10,12353,1.69,1167.0
39,2564,4,6,10,13,11,145,11,7,12065,1.52,1121.0
39,2565,4,4,8,10,10,63,10,4,19802,1.28,426.0
39,2566,5,6,10,13,10,145,15,4,12650,1.59,1242.0
39,2567,4,5,8,12,13,145,10,5,13104,1.37,602.0
39,2568,4,4,8,12,14,145,10,4,16003,1.27,503.0
39,2569,5,5,8,12,13,66,11,4,14170,1.41,517.0
39,2570,4,8,9,13,13,145,11,11,12606,1.49,1131.0
39,2571,4,6,10,12,13,187,10,5,12461,1.58,1207.0
39,2572,4,4,11,12,10,66,15,4,13109,1.63,1078.0
39,2573,5,6,8,14,14,145,11,4,13129,1.39,691.0
39,2574,4,6,10,11,14,63,10,8,13083,1.54,1099.0
39,2575,5,4,8,8,8,145,10,10,30757,1.28,346.0
39,2576,4,6,9,10,11,112,14,5,17815,1.45,1030.0
39,2577,5,4,8,9,11,66,11,5,19805,1.32,396.0
39,2578,5,4,8,8,13,63,10,4,14545,1.35,394.0
39,2579,4,4,8,9,8,63,10,10,15564,1.3,384.0
39,2580,5,4,8,12,14,66,10,11,14647,1.31,416.0
40,2581,4,6,11,13,10,145,11,4,11825,1.68,1321.0
40,2582,5,8,11,14,14,177,11,4,15109,1.89,1587.0
40,2583,4,4,8,10,8,112,10,10,16765,1.26,408.0
40,2584,5,4,8,8,8,63,11,4,29942,1.28,356.0
40,2585,5,4,8,10,8,66,10,5,30349,1.3,337.0
40,2586,4,5,11,11,14,145,10,10,12046,1.81,1308.0
40,2587,5,6,12,10,9,145,10,4,14433,1.89,1220.0
40,2588,5,6,9,11,14,145,10,4,12523,1.53,726.0
40,2589,5,6,9,11,10,145,10,10,12718,1.44,591.0
40,2590,5,4,8,9,9,80,13,4,16190,1.31,543.0
40,2591,4,6,10,10,14,66,10,11,13019,1.55,1091.0
40,2592,5,4,8,10,8,145,11,5,30612,1.3,376.0
40,2593,5,4,8,10,8,66,13,10,30445,1.26,415.0
40,2594,4,6,9,10,12,134,10,4,12481,1.46,771.0
40,2595,4,6,11,13,14,145,15,4,11817,1.85,1882.0
40,2596,4,6,10,9,10,145,20,5,12357,1.51,1868.0
40,2597,5,8,8,13,9,145,13,4,14422,1.45,962.0
40,2598,4,4,8,10,13,66,10,11,15002,1.32,488.0
40,2599,4,6,11,14,14,187,10,10,11938,1.83,1712.0
40,2600,4,4,8,8,13,63,11,4,14565,1.32,475.0
40,2601,4,8,11,12,14,179,11,11,11637,1.91,2188.0
40,2602,4,6,8,10,12,145,10,10,12939,1.4,724.0
40,2603,4,4,11,9,8,63,10,11,13431,1.56,686.0
40,2604,4,4,11,10,10,66,11,4,13102,1.6,770.0
40,2605,5,6,8,10,8,145,18,10,30075,1.4,1234.0
40,2606,4,4,8,9,11,112,16,10,15874,1.28,648.0
40,2607,4,5,8,8,8,184,10,11,15207,1.33,454.0
40,2608,5,6,11,13,14,112,19,5,14413,1.89,1883.0
40,2609,4,6,10,12,11,145,10,11,12094,1.59,1142.0
40,2610,5,4,8,11,8,112,10,10,30197,1.3,376.0
40,2611,5,6,9,8,11,145,10,10,12839,1.49,582.0
40,2612,4,4,9,11,13,63,20,4,13824,1.42,1463.0
40,2613,4,6,10,9,13,145,15,5,11910,1.56,1544.0
40,2614,4,6,10,14,14,112,10,4,11941,1.62,1391.0
40,2615,5,8,10,10,13,179,10,5,17130,1.64,1109.0
40,2616,4,6,10,10,11,112,10,4,12216,1.55,1002.0
40,2617,5,5,10,12,10,145,10,11,12500,1.52,689.0
40,2618,4,6,10,14,13,145,10,4,12007,1.61,1347.0
40,2619,4,5,9,10,14,145,13,4,12733,1.47,767.0
40,2620,4,8,11,10,12,179,12,11,11619,1.82,1795.0
40,2621,4,5,9,10,14,145,13,11,12791,1.47,768.0
40,2622,4,5,11,10,14,145,10,11,11749,1.74,1113.0
40,2623,4,4,11,10,10,145,11,4,13892,1.61,781.0
40,2624,4,6,11,14,10,179,11,4,12096,1.69,1413.0
40,2625,4,4,11,10,13,187,10,11,15905,1.64,845.0
40,2626,4,6,11,13,12,145,10,5,11932,1.83,1556.0
40,2627,4,6,9,14,14,134,20,10,12528,1.55,1727.0
40,2628,4,8,11,8,8,63,12,4,13238,1.79,1557.0
40,2629,4,4,8,10,14,179,10,10,16227,1.34,516.0
40,2630,4,5,11,14,10,145,11,11,12044,1.75,1259.0
40,2631,4,4,8,12,13,66,10,11,14674,1.27,484.0
40,2632,4,6,10,14,13,179,19,4,12172,1.57,1985.0
40,2633,4,8,10,10,14,150,10,11,11944,1.64,1513.0
40,2634,5,4,11,8,8,145,10,10,30022,1.6,563.0
40,2635,4,7,8,10,10,145,10,10,22365,1.39,723.0
40,2636,4,8,11,13,11,145,11,4,11933,1.81,1757.0
40,2637,4,5,8,13,11,145,10,5,13328,1.4,635.0
41,2638,4,4,10,9,13,145,10,5,14284,1.45,710.0
41,2639,4,6,8,9,8,63,15,10,14763,1.38,1053.0
41,2640,4,5,12,13,13,145,13,5,11989,2.0,1920.0
41,2641,4,5,8,12,14,196,11,4,14050,1.39,646.0
41,2642,4,5,9,10,12,145,10,11,12622,1.47,772.0
41,2643,4,5,11,10,14,145,13,11,11901,1.75,1195.0
41,2644,5,4,11,10,8,179,12,11,30598,1.64,645.0
41,2645,4,8,8,10,12,112,11,4,12982,1.42,928.0
41,2646,4,5,11,10,10,145,11,4,11928,1.65,969.0
41,2647,4,5,9,8,13,145,11,11,12604,1.46,670.0
41,2648,5,6,10,11,12,112,10,5,12304,1.6,902.0
41,2649,5,6,9,8,8,145,10,10,29598,1.45,580.0
41,2650,4,4,8,8,11,63,10,10,14804,1.29,432.0
41,2651,5,4,11,12,14,145,10,11,16600,1.72,822.0
41,2652,4,5,8,10,14,66,10,5,14210,1.38,622.0
41,2653,7,7,10,10,14,105,17,11,12259,1.83,2035.0
41,2654,4,4,8,10,8,118,10,10,17056,1.26,409.0
41,2655,5,4,8,8,8,63,10,4,30419,1.28,336.0
41,2656,4,5,10,10,13,145,10,4,12221,1.53,889.0
41,2657,4,6,8,10,11,145,11,10,13151,1.35,647.0
41,2658,4,6,8,12,14,145,10,4,13393,1.38,696.0
41,2659,5,5,11,13,14,145,11,5,15151,1.83,1036.0
41,2660,5,4,8,10,13,145,10,4,15682,1.33,393.0
41,2661,4,6,8,10,8,66,11,5,14868,1.32,584.0
41,2662,4,6,10,8,13,145,11,5,11950,1.53,1051.0
41,2663,4,5,10,13,14,150,11,4,12226,1.57,1108.0
41,2664,5,4,10,8,8,112,10,5,30723,1.47,499.0
41,2665,5,6,8,10,14,63,11,4,13947,1.45,646.0
41,2666,4,8,11,12,14,63,10,11,13002,1.85,1913.0
41,2667,4,4,8,8,8,179,10,10,16863,1.25,400.0
41,2668,5,4,8,10,8,145,11,4,30353,1.3,377.0
41,2669,5,6,8,10,10,112,10,4,13511,1.35,473.0
41,2670,4,4,8,10,9,150,19,11,16339,1.32,914.0
41,2671,5,6,10,8,14,66,13,4,13456,1.68,1079.0
41,2672,4,6,10,14,13,66,10,11,13071,1.6,1338.0
41,2673,5,4,8,9,10,145,10,4,15712,1.35,367.0
41,2674,4,5,8,10,10,132,10,7,21286,1.33,523.0
41,2675,5,6,11,9,14,145,10,4,15015,1.78,992.0
41,2676,4,6,11,13,8,112,11,4,12416,1.64,1226.0
41,2677,4,5,10,13,14,145,10,5,12099,1.57,1101.0
41,2678,5,6,8,12,13,145,10,11,13234,1.44,610.0
41,2679,4,4,8,12,13,187,10,4,14194,1.28,496.0
41,2680,5,4,8,10,8,66,10,11,30376,1.3,339.0
41,2681,4,6,8,10,13,187,11,10,13672,1.41,772.0
41,2682,4,4,11,9,10,145,10,11,14240,1.59,734.0
41,2683,5,5,10,10,12,189,10,4,12428,1.6,804.0
41,2684,4,6,8,12,10,145,10,4,21982,1.37,625.0
41,2685,6,6,10,14,14,145,10,7,17344,1.63,1023.0
41,2686,5,8,8,10,13,145,10,4,13275,1.48,729.0
41,2687,4,8,8,13,11,132,10,4,12821,1.41,868.0
41,2688,5,4,8,8,8,63,10,10,31162,1.28,338.0
41,2689,5,4,8,8,8,145,11,4,30789,1.28,368.0
41,2690,4,4,8,9,13,112,10,5,15383,1.29,451.0
41,2691,4,6,8,14,8,63,10,5,14737,1.32,679.0
41,2692,4,6,11,13,14,145,10,11,11831,1.84,1647.0
41,2693,4,8,11,10,8,63,10,4,13214,1.78,1524.0
41,2694,4,4,8,12,14,179,11,11,15989,1.3,554.0
41,2695,4,6,11,14,14,145,10,11,11808,1.83,1706.0
41,2696,4,8,9,10,13,179,10,4,12272,1.52,1084.0
41,2697,5,5,9,14,13,145,10,11,12629,1.52,686.0
41,2698,4,5,10,12,14,145,10,6,12209,1.56,1042.0
42,2699,4,6,10,8,13,112,10,5,12273,1.53,1036.0
42,2700,4,6,8,14,8,145,11,5,14340,1.36,711.0
42,2701,4,4,8,8,14,145,10,10,16248,1.34,506.0
42,2702,4,6,11,10,8,63,10,5,13168,1.65,1051.0
42,2703,4,4,8,10,10,145,11,4,22383,1.32,470.0
42,2704,5,6,11,13,14,66,10,4,14679,1.84,1112.0
42,2705,5,4,8,8,10,63,11,10,14722,1.31,377.0
42,2706,5,6,8,8,10,145,10,4,14081,1.41,496.0
42,2707,4,4,9,11,8,63,10,10,14605,1.3,496.0
42,2708,4,6,10,10,13,145,11,10,11891,1.57,1194.0
42,2709,4,6,11,14,10,145,10,11,11865,1.79,1529.0
42,2710,4,8,8,13,12,179,16,11,12757,1.46,1609.0
42,2711,5,4,11,12,14,63,10,4,15141,1.71,807.0
42,2712,4,6,11,14,13,179,13,4,15332,1.84,1737.0
42,2713,4,8,10,10,13,145,10,4,12159,1.62,1459.0
42,2714,4,5,11,8,14,179,14,11,12130,1.82,1489.0
42,2715,4,6,11,14,13,145,10,10,14919,1.81,1655.0
42,2716,5,4,8,13,8,145,10,11,30183,1.3,455.0
42,2717,4,8,8,10,13,174,15,10,12817,1.43,1212.0
42,2718,4,4,11,13,10,66,10,4,13362,1.63,917.0
42,2719,4,4,8,10,8,63,10,10,15510,1.26,402.0
42,2720,4,6,11,8,10,145,11,10,12035,1.69,1144.0
42,2721,5,4,8,10,14,179,10,4,15125,1.33,405.0
42,2722,4,8,11,10,14,179,10,11,11663,1.85,1865.0
42,2723,4,8,11,12,12,179,12,11,11765,1.82,1843.0
42,2724,4,6,11,11,14,145,10,5,11856,1.83,1586.0
42,2725,5,5,9,9,10,145,13,11,12939,1.49,582.0
42,2726,4,6,8,10,12,132,10,7,12986,1.4,722.0
42,2727,4,5,11,13,10,145,10,4,12009,1.7,1129.0
42,2728,4,8,8,10,11,145,11,4,12812,1.42,876.0
42,2729,4,4,8,9,13,63,10,4,14661,1.29,445.0
42,2730,4,4,8,12,8,187,10,10,15995,1.33,503.0
42,2731,4,6,10,8,11,63,15,11,13258,1.5,1405.0
42,2732,5,4,8,9,13,145,11,5,15490,1.36,437.0
42,2733,4,6,11,10,11,179,12,11,12204,1.77,1271.0
42,2734,4,7,11,13,14,145,17,5,11940,1.82,2387.0
42,2735,4,6,10,12,10,112,10,5,12369,1.49,991.0
42,2736,5,5,8,14,8,145,10,4,27680,1.34,512.0
42,2737,4,4,11,12,14,179,10,11,13633,1.65,906.0
42,2738,4,8,8,12,13,66,10,4,13425,1.43,944.0
42,2739,4,5,8,8,10,63,10,6,19244,1.33,462.0
42,2740,4,4,11,10,11,145,10,10,13860,1.61,778.0
42,2741,7,8,11,10,12,177,12,11,12653,1.93,1426.0
42,2742,4,6,10,13,10,145,10,5,12095,1.49,1047.0
42,2743,4,6,8,10,13,145,15,4,13163,1.46,1179.0
42,2744,4,5,12,10,11,145,10,4,12146,1.93,1408.0
42,2745,4,5,8,8,8,63,10,10,14866,1.32,439.0
42,2746,5,8,8,12,8,145,10,5,30022,1.46,690.0
42,2747,4,6,10,13,14,145,10,4,11830,1.59,1291.0
42,2748,4,8,11,10,13,179,11,5,14833,1.84,1811.0
42,2749,4,6,10,14,10,145,15,11,12216,1.6,1541.0
42,2750,4,6,11,14,10,145,11,11,11891,1.69,1411.0
42,2751,4,6,9,13,14,145,10,4,12550,1.49,963.0
42,2752,5,5,10,10,11,112,11,11,12940,1.56,677.0
42,2753,4,6,8,9,14,112,10,5,13329,1.35,629.0
42,2754,4,8,11,13,12,179,10,5,11709,1.83,1811.0
42,2755,4,6,11,10,14,145,12,11,12008,1.78,1390.0
43,2756,4,6,10,9,13,145,15,4,11977,1.56,1543.0
43,2757,6,7,8,9,8,63,10,5,29538,1.46,613.0
43,2758,5,8,8,10,9,66,10,4,14414,1.44,615.0
43,2759,4,4,12,14,13,66,10,11,13002,1.87,1456.0
43,2760,4,6,9,13,13,145,10,10,12310,1.49,941.0
43,2761,5,8,8,11,14,145,10,11,13058,1.51,864.0
43,2762,4,4,8,10,14,63,10,11,14805,1.33,501.0
43,2763,4,8,10,10,10,145,15,4,12509,1.63,1623.0
43,2764,4,8,11,10,9,179,13,4,12093,1.84,1830.0
43,2765,4,5,10,8,14,150,11,12,12293,1.52,909.0
43,2766,4,6,8,10,11,112,11,4,13129,1.34,641.0
43,2767,5,4,12,8,8,79,10,4,29963,1.78,808.0
43,2768,5,5,8,10,10,145,10,4,13686,1.35,419.0
43,2769,4,5,11,12,14,145,11,5,11950,1.8,1292.0
43,2770,8,6,8,13,13,145,10,5,14364,1.56,1523.0
43,2771,4,5,9,13,14,134,10,4,13048,1.47,818.0
43,2772,4,5,8,12,8,145,10,5,15217,1.32,501.0
43,2773,5,4,8,12,13,153,10,4,15119,1.32,417.0
43,2774,4,6,10,13,12,130,10,5,16096,1.57,1215.0
43,2775,4,6,11,10,14,145,15,5,11768,1.83,1792.0
43,2776,4,6,10,10,11,134,13,10,12317,1.56,1226.0
43,2777,4,6,10,14,9,66,11,10,13218,1.52,1160.0
43,2778,5,4,8,13,9,145,13,5,16552,1.31,486.0
43,2779,5,5,8,9,10,179,10,5,13945,1.37,413.0
43,2780,4,8,11,10,12,132,12,11,11886,1.82,1791.0
43,2781,4,4,8,13,8,145,10,5,16836,1.28,501.0
43,2782,4,6,8,12,13,63,11,10,13804,1.4,755.0
43,2783,4,6,10,10,12,145,13,7,16579,1.57,1261.0
43,2784,8,5,9,10,12,179,11,11,15323,1.61,1371.0
43,2785,5,4,8,9,10,112,10,4,15690,1.34,364.0
43,2786,4,6,8,10,11,66,10,4,14038,1.34,626.0
43,2787,4,5,8,13,14,145,10,5,13882,1.41,698.0
43,2788,5,5,10,10,13,145,10,4,16328,1.61,826.0
43,2789,4,4,10,13,8,98,10,9,14475,1.4,689.0
43,2790,4,4,8,10,12,63,12,4,14731,1.31,491.0
43,2791,5,7,11,8,14,179,11,11,15109,1.84,1198.0
43,2792,4,6,11,8,13,179,11,5,15329,1.77,1312.0
43,2793,5,7,8,10,10,66,10,4,13636,1.41,561.0
43,2794,4,8,9,13,10,145,10,4,12464,1.48,1023.0
43,2795,5,6,8,11,11,145,10,4,20654,1.41,518.0
43,2796,4,6,10,14,13,145,11,10,12007,1.63,1378.0
43,2797,4,6,11,10,10,145,11,4,11971,1.69,1161.0
43,2798,4,6,11,10,14,150,19,4,11975,1.85,2174.0
43,2799,7,5,10,9,10,145,11,11,28063,1.62,865.0
43,2800,4,5,8,11,8,63,10,4,14669,1.3,471.0
43,2801,4,4,9,8,13,145,11,10,14978,1.36,529.0
43,2802,4,6,10,8,11,145,11,10,12129,1.53,1005.0
43,2803,5,6,9,10,13,145,10,10,12690,1.54,745.0
43,2804,4,6,11,12,14,179,10,11,12067,1.78,1391.0
43,2805,4,6,11,13,10,82,13,4,12792,1.79,1573.0
43,2806,4,5,10,9,14,145,10,5,12267,1.54,912.0
43,2807,4,6,10,10,12,134,13,10,16441,1.57,1258.0
43,2808,4,4,11,9,14,63,10,10,13162,1.63,830.0
43,2809,4,8,11,9,14,179,10,7,11854,1.84,1846.0
43,2810,5,6,8,12,10,132,10,11,13389,1.4,533.0
43,2811,4,5,11,10,12,145,11,4,12084,1.72,1052.0
43,2812,4,8,11,11,12,179,12,11,11746,1.82,1794.0
43,2813,4,6,8,10,10,63,19,10,19084,1.38,1095.0
43,2814,4,4,10,10,13,145,10,11,14350,1.45,726.0
43,2815,4,6,8,14,12,145,10,8,12925,1.38,817.0
43,2816,4,8,9,13,11,145,10,11,19315,1.49,1058.0
43,2817,4,4,8,13,14,145,19,10,16149,1.35,1079.0
43,2818,4,6,10,8,8,63,10,5,13378,1.5,866.0
44,2819,4,6,10,13,11,145,11,4,12067,1.52,1121.0
44,2820,4,6,10,8,13,145,10,5,12053,1.54,1038.0
44,2821,4,6,11,12,10,179,11,4,12190,1.69,1208.0
44,2822,4,8,8,10,8,179,12,10,14608,1.4,825.0
44,2823,4,4,11,8,12,171,10,11,13611,1.61,792.0
44,2824,5,4,8,10,11,112,11,4,20598,1.32,411.0
44,2825,4,5,8,11,14,145,10,8,13761,1.38,611.0
44,2826,5,8,11,13,14,179,10,5,15015,1.9,1503.0
44,2827,4,6,11,12,14,179,12,11,12010,1.77,1421.0
44,2828,4,8,11,10,12,179,10,11,11717,1.82,1747.0
44,2829,4,4,10,9,8,145,10,10,15353,1.44,628.0
44,2830,4,6,8,13,14,63,19,5,13957,1.41,1276.0
44,2831,4,4,11,10,10,145,10,11,14238,1.6,754.0
44,2832,4,5,8,12,13,66,10,4,13944,1.36,593.0
44,2833,4,6,8,14,9,63,10,5,14234,1.32,698.0
44,2834,4,5,10,10,14,145,10,11,12378,1.54,920.0
44,2835,4,6,8,10,10,153,11,11,21757,1.34,633.0
44,2836,4,5,11,9,11,145,10,10,12135,1.73,1001.0
44,2837,5,6,8,8,8,63,10,4,30609,1.39,466.0
44,2838,4,4,10,8,13,145,11,5,14380,1.45,710.0
44,2839,7,6,11,9,14,145,14,5,12321,2.01,1513.0
44,2840,4,4,8,8,8,63,10,4,15396,1.24,383.0
44,2841,5,6,9,10,9,74,10,5,14650,1.47,616.0
44,2842,6,4,8,10,8,118,11,4,30022,1.39,456.0
44,2843,5,4,8,12,13,66,10,4,14871,1.31,406.0
44,2844,4,6,11,13,10,145,10,10,11833,1.67,1337.0
44,2845,5,6,9,8,11,145,11,4,12913,1.52,629.0
44,2846,5,4,10,10,8,145,10,4,29940,1.44,562.0
44,2847,4,6,8,10,14,63,11,4,13975,1.41,775.0
44,2848,5,6,8,13,10,132,11,4,13437,1.46,670.0
44,2849,5,5,10,9,10,145,10,4,12556,1.55,717.0
44,2850,6,6,8,12,13,63,13,4,13933,1.48,716.0
44,2851,4,6,10,10,14,145,19,4,11887,1.57,1708.0
44,2852,4,6,10,10,10,150,15,11,12053,1.49,1411.0
44,2853,4,6,11,10,14,90,10,5,12714,1.77,1342.0
44,2854,5,5,8,11,8,145,10,9,27669,1.38,426.0
44,2855,4,6,10,11,13,145,10,5,11979,1.54,1071.0
44,2856,5,4,11,10,10,179,10,11,13723,1.63,597.0
44,2857,4,8,8,12,14,66,10,4,13558,1.45,1001.0
44,2858,5,6,9,10,10,179,11,4,13063,1.49,616.0
44,2859,4,6,10,11,10,145,10,7,12115,1.53,987.0
44,2860,4,4,8,9,12,179,12,11,15506,1.32,500.0
44,2861,4,8,11,10,13,187,10,11,14929,1.83,1813.0
44,2862,5,6,8,14,10,132,10,10,13402,1.38,603.0
44,2863,4,6,11,12,14,145,10,11,11842,1.77,1387.0
44,2864,5,6,10,11,14,145,10,10,12271,1.64,962.0
44,2865,5,6,9,10,14,145,10,4,12557,1.55,760.0
44,2866,4,6,8,12,14,112,10,11,12888,1.37,694.0
44,2867,4,8,11,10,11,179,10,4,11817,1.82,1686.0
44,2868,4,8,8,10,8,85,10,5,14442,1.39,698.0
44,2869,5,4,8,12,13,63,10,4,14636,1.31,406.0
44,2870,4,4,8,10,8,145,16,11,17139,1.28,634.0
44,2871,4,5,9,10,12,63,11,4,13433,1.47,727.0
44,2872,5,6,8,10,8,145,10,4,29331,1.34,464.0
44,2873,4,6,8,13,14,66,10,5,14025,1.35,723.0
44,2874,4,6,10,9,14,63,19,5,13120,1.57,1704.0
44,2875,4,4,8,13,8,145,10,10,17006,1.28,503.0
44,2876,4,4,8,10,13,187,10,10,14467,1.33,502.0
44,2877,4,6,10,12,13,145,11,4,11969,1.64,1387.0
44,2878,5,6,8,8,10,145,11,4,13713,1.37,525.0
44,2879,4,4,11,10,8,63,11,10,13338,1.58,728.0
45,2880,4,4,8,9,10,63,10,4,19706,1.28,399.0
45,2881,4,5,11,10,13,145,11,4,14645,1.73,1086.0
45,2882,4,5,10,8,12,63,11,11,16159,1.5,845.0
45,2883,4,6,8,8,8,145,10,5,14494,1.32,560.0
45,2884,5,4,10,8,13,167,11,4,18146,1.49,579.0
45,2885,4,5,8,10,10,145,11,4,21523,1.32,539.0
45,2886,4,6,8,13,14,145,10,11,13296,1.35,735.0
45,2887,5,6,10,12,10,132,19,5,12456,1.55,1498.0
45,2888,4,4,8,14,10,108,10,4,21206,1.28,555.0
45,2889,5,4,8,9,8,63,10,4,29720,1.33,346.0
45,2890,5,6,10,10,10,145,15,4,12421,1.56,1190.0
45,2891,4,6,11,13,14,175,14,5,12032,1.87,1932.0
45,2892,4,4,8,12,9,181,10,4,15835,1.34,515.0
45,2893,4,6,10,10,10,179,15,7,12259,1.5,1414.0
45,2894,4,8,10,10,10,145,18,4,12123,1.63,1890.0
45,2895,4,6,8,10,8,145,11,5,14592,1.33,595.0
45,2896,5,4,11,10,14,112,10,4,15994,1.67,668.0
45,2897,4,4,8,8,13,176,14,4,15145,1.35,710.0
45,2898,5,6,10,10,11,145,17,5,12673,1.64,1199.0
45,2899,4,6,11,10,13,145,12,11,14809,1.77,1352.0
45,2900,4,8,10,10,12,179,10,11,17280,1.61,1421.0
45,2901,5,4,8,10,11,187,11,4,21616,1.33,419.0
45,2902,4,4,9,9,8,63,10,5,14680,1.35,483.0
45,2903,5,8,11,11,14,179,10,11,15022,1.88,1405.0
45,2904,4,6,9,12,14,145,10,10,12477,1.45,870.0
45,2905,5,4,9,11,10,145,10,4,14653,1.36,428.0
45,2906,4,6,8,8,8,63,10,4,15004,1.32,548.0
45,2907,4,6,11,11,10,145,11,10,11943,1.69,1185.0
45,2908,5,5,9,10,11,112,10,4,13242,1.48,584.0
45,2909,4,5,11,10,14,179,10,11,11945,1.74,1117.0
45,2910,4,8,11,10,14,145,12,10,11791,1.84,1908.0
45,2911,4,6,11,14,12,179,10,11,12058,1.81,1607.0
45,2912,4,8,11,10,14,145,10,5,11841,1.85,1860.0
45,2913,5,6,10,13,8,63,11,4,29263,1.5,838.0
45,2914,4,4,8,8,13,145,10,5,15622,1.34,490.0
45,2915,4,6,11,10,14,145,13,5,11834,1.77,1427.0
45,2916,4,8,11,13,10,179,11,11,11903,1.8,1706.0
45,2917,4,6,11,10,12,145,12,4,11824,1.77,1305.0
45,2918,4,4,8,10,14,145,10,4,15843,1.34,510.0
45,2919,5,5,10,10,8,112,11,4,27341,1.52,635.0
45,2920,4,4,11,12,14,178,10,11,13580,1.65,907.0
45,2921,5,8,9,11,14,145,10,10,12549,1.59,977.0
45,2922,4,5,10,13,11,145,10,4,12218,1.58,1022.0
45,2923,4,8,8,8,13,145,11,4,12688,1.46,933.0
45,2924,4,8,11,10,13,179,15,5,14642,1.94,2389.0
45,2925,4,6,10,9,14,145,10,4,12123,1.55,1081.0
45,2926,5,6,8,10,13,145,10,5,13206,1.42,555.0
45,2927,4,5,8,11,14,145,13,10,13610,1.38,762.0
45,2928,4,6,9,10,10,145,10,11,12721,1.45,726.0
45,2929,5,6,10,13,10,145,10,4,12439,1.53,848.0
45,2930,4,6,8,10,14,145,10,4,13414,1.41,773.0
45,2931,4,6,8,12,10,145,10,11,22078,1.37,627.0
45,2932,5,8,8,14,13,132,10,4,13047,1.49,839.0
45,2933,5,5,8,12,14,132,10,5,13656,1.42,519.0
45,2934,4,8,8,14,14,145,10,4,12913,1.45,1055.0
45,2935,4,5,11,10,13,145,10,11,14658,1.74,1069.0
45,2936,5,6,10,8,14,112,10,10,12452,1.58,819.0
45,2937,5,6,9,10,11,145,10,5,12676,1.47,640.0
45,2938,4,6,10,10,10,179,11,11,12337,1.5,1010.0
45,2939,4,8,11,12,14,179,10,7,11582,1.86,1922.0
45,2940,5,8,11,10,14,145,10,4,14837,1.88,1386.0
45,2941,5,4,8,8,10,132,10,10,15791,1.31,364.0
45,2942,4,5,8,9,8,63,10,5,14897,1.3,447.0
45,2943,4,5,11,10,10,145,11,8,11863,1.65,970.0
45,2944,4,6,9,10,12,65,17,10,13299,1.49,1221.0
45,2945,7,4,8,9,8,63,10,4,30056,1.37,588.0
45,2946,5,5,8,8,11,112,10,11,20343,1.35,426.0
45,2947,4,4,10,13,8,63,10,10,14054,1.4,685.0
45,2948,4,5,8,8,14,145,19,8,13952,1.33,1124.0
46,2949,5,8,8,10,12,145,10,11,12799,1.47,711.0
46,2950,4,6,11,10,10,179,10,4,12110,1.69,1149.0
46,2951,4,8,11,13,14,86,10,4,12413,1.85,1944.0
46,2952,4,4,8,10,8,198,10,8,15599,1.27,418.0
46,2953,5,6,9,8,13,63,10,10,13655,1.5,614.0
46,2954,5,4,8,9,11,145,10,4,21177,1.35,379.0
46,2955,4,4,8,8,8,63,11,4,15398,1.26,400.0
46,2956,5,6,11,13,10,145,10,4,12187,1.77,975.0
46,2957,5,6,10,12,14,112,10,5,12316,1.64,984.0
46,2958,4,4,8,10,13,66,10,4,14937,1.32,485.0
46,2959,4,6,8,14,10,66,11,4,19170,1.37,751.0
46,2960,5,6,8,9,10,132,11,10,13499,1.37,533.0
46,2961,4,5,10,10,13,145,10,5,12222,1.53,889.0
46,2962,4,8,11,10,14,179,10,5,11700,1.85,1863.0
46,2963,5,5,9,8,13,145,10,4,12875,1.49,522.0
46,2964,5,6,8,10,13,145,11,11,13400,1.43,619.0
46,2965,4,8,8,8,12,179,10,11,12833,1.44,891.0
46,2966,4,4,11,10,8,63,12,10,13446,1.61,788.0
46,2967,4,5,11,12,10,145,10,4,12051,1.75,1234.0
46,2968,5,5,10,10,14,145,10,11,12304,1.63,847.0
46,2969,5,4,9,8,11,63,10,4,14061,1.37,382.0
46,2970,4,8,8,11,10,145,18,10,22621,1.43,1245.0
46,2971,4,6,10,9,13,145,11,5,12038,1.53,1059.0
46,2972,4,6,10,8,13,145,15,5,12115,1.56,1535.0
46,2973,4,6,11,10,10,179,11,7,12145,1.69,1166.0
46,2974,5,4,8,9,13,145,10,5,15451,1.34,395.0
46,2975,4,6,10,13,10,66,11,4,12979,1.49,1058.0
46,2976,4,5,10,13,13,145,11,5,12007,1.57,1075.0
46,2977,4,8,8,10,8,112,10,11,14444,1.4,703.0
46,2978,4,6,11,14,12,179,12,5,11932,1.72,1514.0
46,2979,4,4,11,14,14,63,10,4,13154,1.73,1177.0
46,2980,5,6,10,10,13,145,11,10,16594,1.57,837.0
46,2981,4,6,11,14,10,150,11,11,11861,1.69,1411.0
46,2982,4,6,10,13,14,145,11,4,12027,1.59,1308.0
46,2983,4,6,11,8,13,145,11,5,14804,1.77,1307.0
46,2984,5,6,10,10,14,179,10,4,12534,1.6,841.0
46,2985,6,4,8,12,8,145,10,5,30320,1.34,480.0
46,2986,5,5,8,8,14,63,10,4,14252,1.37,457.0
46,2987,4,6,11,10,10,131,11,4,12111,1.69,1160.0
46,2988,4,6,12,13,10,145,15,4,12380,1.9,2179.0
46,2989,4,5,10,12,14,145,11,4,12217,1.59,1182.0
46,2990,5,5,8,8,14,150,10,5,13637,1.38,468.0
46,2991,4,6,11,10,12,132,10,11,12075,1.76,1267.0
46,2992,4,4,8,14,8,145,11,4,17126,1.26,543.0
46,2993,4,6,11,10,10,63,11,4,12896,1.68,1152.0
46,2994,4,4,9,9,13,79,15,11,14663,1.46,985.0
46,2995,5,4,8,10,8,112,11,8,30514,1.29,373.0
46,2996,4,8,12,9,12,179,12,11,11836,2.01,2412.0
46,2997,4,4,9,8,8,63,10,10,15054,1.34,477.0
46,2998,5,6,8,11,11,112,10,4,20073,1.4,514.0
46,2999,5,4,8,10,14,145,11,10,15743,1.37,456.0
46,3000,4,6,9,11,10,145,10,8,12631,1.43,731.0
47,3001,4,6,11,10,12,145,10,5,11814,1.76,1266.0
47,3002,4,6,8,10,8,179,10,5,15180,1.36,605.0
47,3003,4,8,11,14,12,112,12,11,12106,1.91,2243.0
47,3004,4,6,11,10,12,77,12,11,12887,1.76,1300.0
47,3005,5,6,9,10,10,145,10,5,12865,1.49,641.0
47,3006,4,6,11,11,14,145,10,4,11927,1.83,1587.0
47,3007,5,4,10,10,8,112,10,4,30122,1.43,556.0
47,3008,4,8,8,13,8,66,10,11,14284,1.41,791.0
47,3009,5,4,8,10,13,145,11,4,15795,1.36,444.0
47,3010,4,6,9,11,11,145,15,5,19015,1.41,1010.0
47,3011,5,6,10,9,13,112,10,10,16092,1.56,810.0
47,3012,5,8,9,11,14,179,10,10,12549,1.6,981.0
47,3013,4,6,11,12,11,112,10,11,12178,1.75,1260.0
47,3014,4,6,8,10,11,112,10,5,12996,1.34,633.0
47,3015,4,4,9,10,12,187,12,11,13768,1.36,588.0
47,3016,5,8,11,9,11,179,10,5,12309,1.85,1255.0
47,3017,8,6,8,10,8,145,15,5,27688,1.52,1870.0
47,3018,5,4,10,8,13,112,11,4,17341,1.48,572.0
47,3019,5,6,10,8,10,63,10,4,13461,1.55,724.0
47,3020,4,4,8,10,8,145,15,10,17197,1.26,635.0
47,3021,4,4,8,12,9,66,18,5,15117,1.32,833.0
47,3022,4,6,10,8,13,145,10,4,11992,1.54,1039.0
47,3023,4,6,10,8,14,145,10,4,12000,1.55,1074.0
47,3024,5,5,9,10,13,145,11,4,12847,1.51,660.0
47,3025,4,8,8,12,13,145,10,4,12699,1.44,954.0
47,3026,4,5,11,10,14,145,12,11,11873,1.78,1344.0
47,3027,5,6,8,13,10,63,10,4,14181,1.41,550.0
47,3028,4,4,11,9,13,145,11,4,16624,1.64,854.0
47,3029,4,4,11,8,10,145,10,4,13928,1.59,737.0
47,3030,5,6,8,13,8,63,11,4,29773,1.44,643.0
47,3031,6,4,8,10,11,63,11,4,15506,1.33,422.0
47,3032,4,6,10,13,10,179,10,7,12386,1.5,1054.0
47,3033,4,6,8,12,13,145,10,4,12805,1.39,695.0
47,3034,4,5,11,10,10,66,11,8,12869,1.65,961.0
47,3035,4,6,8,9,14,145,15,5,13359,1.47,1201.0
47,3036,4,6,11,9,13,63,11,4,14906,1.76,1304.0
47,3037,4,4,8,14,10,145,10,4,22350,1.29,560.0
47,3038,4,8,8,13,11,145,11,5,12838,1.43,931.0
47,3039,4,8,8,8,13,63,10,10,13488,1.44,906.0
47,3040,4,4,10,10,13,63,11,10,13197,1.48,777.0
47,3041,5,5,10,10,12,112,13,5,12909,1.59,880.0
47,3042,4,6,9,10,14,145,10,11,12703,1.47,810.0
47,3043,7,6,12,14,10,145,11,7,29294,1.97,1540.0
47,3044,4,6,10,14,13,145,13,4,11891,1.63,1464.0
47,3045,4,8,8,9,13,145,15,5,12846,1.43,1196.0
47,3046,4,8,10,10,14,145,15,4,12096,1.69,1870.0
47,3047,4,6,11,13,14,145,10,10,11859,1.84,1646.0
47,3048,4,6,9,14,13,145,10,5,12452,1.5,986.0
47,3049,4,6,11,13,14,125,10,11,11865,1.84,1645.0
47,3050,4,4,8,10,8,63,10,5,15393,1.26,400.0
47,3051,4,6,8,13,13,145,11,4,12913,1.39,763.0
47,3052,8,6,10,10,8,137,17,5,26187,1.66,2612.0
47,3053,4,5,8,12,14,145,11,4,13779,1.39,640.0
47,3054,4,8,10,10,10,179,10,11,12396,1.58,1311.0
47,3055,4,4,11,12,14,103,11,12,13733,1.64,916.0
48,3056,5,6,8,14,8,112,11,5,29260,1.4,693.0
48,3057,4,4,8,10,8,112,10,4,16671,1.26,406.0
48,3058,4,5,11,12,10,145,10,11,12063,1.75,1236.0
48,3059,5,6,8,10,10,132,11,4,13665,1.37,543.0
48,3060,4,4,11,9,13,145,10,11,16615,1.62,818.0
48,3061,4,6,8,14,10,187,11,4,22779,1.38,769.0
48,3062,4,6,8,10,14,150,19,4,13391,1.34,1229.0
48,3063,5,4,10,10,8,66,10,11,30868,1.43,554.0
48,3064,5,6,8,12,8,132,11,11,29875,1.42,574.0
48,3065,4,5,8,9,10,66,10,4,18891,1.31,478.0
48,3066,5,4,8,12,13,132,10,5,15494,1.32,415.0
48,3067,4,6,10,13,13,145,11,4,12117,1.57,1267.0
48,3068,4,5,11,8,10,145,11,4,11995,1.65,953.0
48,3069,4,6,8,12,13,66,10,4,13913,1.38,686.0
48,3070,4,4,10,10,14,145,15,4,14120,1.5,1153.0
48,3071,4,5,11,8,10,150,11,8,12114,1.65,954.0
48,3072,5,6,11,10,14,66,10,4,14712,1.8,1009.0
48,3073,4,6,8,13,12,156,10,5,13153,1.35,699.0
48,3074,4,6,9,14,14,145,12,11,12377,1.48,1053.0
48,3075,4,8,11,12,10,179,10,11,11887,1.82,1686.0
48,3076,4,8,8,8,10,171,15,4,23026,1.45,1427.0
48,3077,5,4,11,10,14,63,10,4,15154,1.67,660.0
48,3078,4,8,9,8,11,179,10,4,19953,1.52,973.0
48,3079,4,4,8,9,13,187,10,4,14375,1.3,459.0
48,3080,4,5,8,12,13,187,10,11,13739,1.37,610.0
48,3081,4,6,8,14,14,63,10,4,14018,1.38,844.0
48,3082,4,8,8,10,8,179,10,4,14312,1.4,709.0
48,3083,5,4,11,8,14,63,10,4,15099,1.67,637.0
48,3084,4,6,11,10,12,179,12,11,12259,1.77,1312.0
48,3085,4,6,10,10,13,179,10,10,12209,1.54,1068.0
48,3086,4,8,11,12,14,145,11,11,11782,1.91,2182.0
48,3087,5,6,8,10,13,112,10,5,13248,1.42,551.0
48,3088,4,8,10,13,14,145,10,11,12123,1.68,1715.0
48,3089,4,5,11,12,10,179,10,11,11954,1.75,1240.0
48,3090,4,6,8,8,13,145,10,9,12881,1.41,724.0
48,3091,4,6,8,12,13,145,10,5,12629,1.39,695.0
48,3092,4,6,10,12,13,66,11,11,12888,1.63,1379.0
48,3093,4,4,8,10,13,145,10,10,15743,1.33,498.0
48,3094,4,6,10,10,12,145,10,4,16740,1.53,1030.0
48,3095,5,6,9,13,14,134,10,5,12522,1.53,792.0
48,3096,5,8,8,10,14,132,14,5,12934,1.47,946.0
48,3097,5,4,10,13,14,187,19,5,13324,1.52,1337.0
48,3098,4,6,9,9,11,145,10,5,19025,1.44,721.0
48,3099,5,5,8,10,10,132,10,4,14210,1.35,418.0
48,3100,4,6,10,9,10,145,15,5,12162,1.49,1391.0
48,3101,4,5,8,14,14,112,10,11,13885,1.37,704.0
48,3102,4,6,11,10,8,191,10,5,12663,1.66,1066.0
48,3103,4,6,10,9,9,179,11,4,12696,1.53,979.0
48,3104,4,5,10,10,9,145,11,4,12723,1.51,825.0
48,3105,5,6,8,10,13,145,10,10,13323,1.42,557.0
48,3106,4,6,11,13,12,145,13,6,11848,1.83,1671.0
48,3107,4,5,9,10,14,145,11,11,12741,1.49,778.0
48,3108,4,6,8,8,8,145,11,4,14725,1.36,570.0
48,3109,5,4,11,13,10,63,10,4,13458,1.72,770.0
48,3110,4,5,9,10,12,145,14,11,12651,1.47,930.0
48,3111,4,4,9,14,8,63,10,4,14768,1.29,609.0
48,3112,4,6,8,8,13,145,10,11,13024,1.41,724.0
49,3113,4,5,10,13,13,145,10,5,12113,1.57,1068.0
49,3114,5,6,8,9,14,145,15,5,13385,1.51,1018.0
49,3115,4,8,11,12,14,179,10,4,11741,1.86,1921.0
49,3116,5,4,8,10,8,63,10,4,29855,1.3,337.0
49,3117,5,4,8,8,8,112,11,4,31256,1.28,365.0
49,3118,4,6,10,13,14,179,11,7,12340,1.59,1314.0
49,3119,4,8,9,11,11,112,10,4,18539,1.51,977.0
49,3120,5,6,11,10,14,179,10,10,15295,1.81,1026.0
49,3121,4,4,9,8,14,188,10,4,13716,1.36,528.0
49,3122,6,4,10,9,10,66,10,4,14745,1.53,553.0
49,3123,5,5,10,13,14,145,10,5,12299,1.62,872.0
49,3124,4,8,11,10,12,194,10,11,11636,1.82,1748.0
49,3125,5,4,9,10,14,145,10,4,14482,1.46,529.0
49,3126,5,6,10,9,11,187,10,5,12769,1.56,781.0
49,3127,5,4,9,12,11,187,10,5,13641,1.38,460.0
49,3128,4,4,8,10,11,112,11,4,15517,1.32,477.0
49,3129,4,4,10,8,13,63,10,5,13445,1.44,696.0
49,3130,5,6,8,8,8,145,11,6,30059,1.39,523.0
49,3131,4,8,8,12,14,145,11,11,12922,1.42,934.0
49,3132,5,5,11,12,14,179,10,4,15505,1.84,1042.0
49,3133,4,6,11,13,13,145,11,11,14750,1.82,1580.0
49,3134,4,8,8,13,14,145,10,4,13071,1.42,969.0
49,3135,4,6,8,8,8,171,10,10,14855,1.32,565.0
49,3136,5,6,9,10,10,145,11,4,12881,1.49,612.0
49,3137,5,6,8,13,14,112,10,5,13041,1.45,645.0
49,3138,5,6,8,8,13,63,10,4,14029,1.42,529.0
49,3139,4,6,10,13,13,145,15,4,11893,1.6,1430.0
49,3140,4,6,11,9,10,145,11,5,12009,1.69,1149.0
49,3141,4,4,11,12,14,187,10,4,12833,1.65,905.0
49,3142,4,5,8,10,13,145,10,11,13327,1.38,616.0
49,3143,4,4,11,10,14,66,10,5,13315,1.64,851.0
49,3144,4,5,9,10,12,112,10,11,12796,1.46,768.0
49,3145,4,5,8,9,11,145,13,11,13827,1.33,662.0
49,3146,5,6,10,10,14,112,18,5,12321,1.71,1706.0
49,3147,5,6,12,10,10,145,10,4,12245,1.94,1211.0
49,3148,4,5,11,14,10,145,11,4,11987,1.75,1256.0
49,3149,4,6,8,8,8,63,10,5,14967,1.32,549.0
49,3150,4,4,10,9,13,145,15,10,14449,1.48,1110.0
49,3151,4,6,10,10,13,145,10,10,11955,1.54,1064.0
49,3152,4,4,11,9,13,187,10,4,16090,1.62,821.0
49,3153,4,6,8,14,10,145,11,11,21684,1.37,765.0
49,3154,4,8,11,10,10,145,11,11,12145,1.79,1629.0
49,3155,4,6,11,14,12,179,12,4,11929,1.72,1514.0
49,3156,4,4,11,9,13,187,10,11,16062,1.62,823.0
49,3157,5,6,9,10,13,132,10,11,12676,1.54,742.0
49,3158,4,5,10,13,10,145,11,4,12393,1.49,921.0
49,3159,4,6,11,8,14,145,19,5,11875,1.85,2142.0
49,3160,5,5,8,10,14,132,11,5,13688,1.43,563.0
49,3161,4,6,11,10,10,145,10,8,11886,1.69,1145.0
49,3162,4,7,8,10,14,145,10,5,13431,1.43,897.0
49,3163,4,6,11,10,14,112,11,5,12093,1.77,1361.0
49,3164,4,8,8,10,12,145,12,5,13112,1.41,929.0
49,3165,4,6,11,12,13,179,10,11,15464,1.77,1354.0
49,3166,4,6,8,9,12,145,11,6,13234,1.41,748.0
49,3167,4,6,11,9,14,145,15,5,11881,1.83,1784.0
49,3168,4,6,10,8,13,150,11,5,12108,1.53,1052.0
49,3169,4,5,10,9,14,145,15,4,12305,1.57,1362.0
49,3170,5,6,8,10,10,63,10,4,14419,1.35,467.0
49,3171,4,4,8,9,13,145,10,4,15460,1.3,455.0
50,3172,4,6,8,10,8,145,10,10,14408,1.36,602.0
50,3173,4,4,10,8,13,106,11,10,14064,1.45,708.0
50,3174,4,5,8,8,8,63,10,4,14807,1.32,437.0
50,3175,4,4,11,10,14,145,10,11,13823,1.65,864.0
50,3176,4,8,9,12,11,179,10,11,19861,1.52,1102.0
50,3177,5,4,11,9,14,187,10,5,16133,1.67,654.0
50,3178,4,8,8,13,13,179,10,11,12564,1.42,949.0
50,3179,4,8,11,10,12,171,12,11,11761,1.82,1794.0
50,3180,4,4,8,13,14,66,11,4,15012,1.33,557.0
50,3181,4,6,11,12,13,145,10,4,14498,1.77,1347.0
50,3182,4,5,8,10,14,145,11,4,14113,1.39,664.0
50,3183,5,5,11,12,14,145,10,11,15038,1.84,1038.0
50,3184,4,6,10,10,14,150,10,5,12069,1.56,1099.0
50,3185,4,6,11,13,13,145,19,11,14745,1.85,2137.0
50,3186,4,6,11,10,12,179,10,11,12179,1.76,1272.0
50,3187,4,8,11,10,14,145,12,5,11923,1.84,1908.0
50,3188,5,4,8,8,8,147,10,4,30635,1.28,346.0
50,3189,4,8,9,10,13,112,11,12,12422,1.54,1201.0
50,3190,7,4,8,10,9,145,11,4,30375,1.4,638.0
50,3191,4,5,10,9,10,145,15,4,12410,1.49,1206.0
50,3192,4,5,8,10,10,142,11,8,21287,1.32,539.0
50,3193,4,5,11,8,8,63,10,4,13279,1.63,855.0
50,3194,4,4,8,10,10,145,10,10,22443,1.29,440.0
50,3195,4,5,8,13,13,145,10,5,13211,1.41,680.0
50,3196,4,6,10,8,13,145,11,4,12183,1.53,1051.0
50,3197,4,5,11,12,14,145,10,11,12094,1.8,1385.0
50,3198,5,8,8,12,14,179,11,4,12836,1.46,761.0
50,3199,4,5,11,8,14,63,10,11,12857,1.76,1096.0
50,3200,4,4,8,10,8,145,10,4,17160,1.27,411.0
50,3201,4,5,10,10,10,145,10,5,12381,1.52,817.0
50,3202,5,5,8,13,14,145,10,4,13342,1.39,552.0
50,3203,4,4,8,12,13,145,10,4,15477,1.28,492.0
50,3204,4,6,11,13,12,69,19,10,12820,1.82,2031.0
50,3205,4,6,9,13,14,134,11,4,12448,1.51,1005.0
50,3206,4,4,11,14,13,145,10,11,16647,1.73,1165.0
50,3207,4,6,8,9,14,187,10,10,14241,1.36,640.0
50,3208,4,6,10,8,8,63,11,4,13514,1.5,911.0
50,3209,4,4,8,10,13,145,11,5,15685,1.34,519.0
50,3210,4,8,11,13,10,145,10,4,11978,1.81,1700.0
50,3211,4,4,8,12,14,145,10,5,16172,1.27,504.0
50,3212,4,6,10,13,13,187,19,4,12490,1.57,1740.0
50,3213,5,4,9,11,11,112,10,10,14399,1.37,436.0
50,3214,5,6,9,12,11,187,10,5,12999,1.47,640.0
50,3215,4,6,8,10,14,112,10,4,13402,1.41,770.0
50,3216,5,6,8,10,11,132,10,5,20349,1.36,493.0
50,3217,4,8,11,13,12,179,12,11,11645,1.84,1883.0
50,3218,5,5,10,13,13,145,10,4,16279,1.61,852.0
50,3219,4,6,8,12,12,145,10,7,12998,1.39,685.0
50,3220,4,5,11,8,10,179,11,4,12061,1.65,956.0
50,3221,4,8,11,12,14,179,14,11,11698,1.9,2252.0
50,3222,4,5,9,8,14,152,19,4,12666,1.48,1331.0
50,3223,4,5,10,8,10,145,11,4,12453,1.51,812.0
50,3224,4,6,11,14,13,185,11,4,15434,1.84,1669.0
50,3225,4,4,8,9,8,63,10,4,15501,1.3,382.0
50,3226,4,8,10,12,14,117,10,4,12152,1.63,1540.0
50,3227,4,8,10,14,10,177,10,7,12299,1.61,1607.0
51,3228,6,4,8,8,8,63,10,4,30614,1.32,384.0
51,3229,4,8,9,8,13,179,10,4,12579,1.52,1064.0
51,3230,4,7,11,14,8,63,11,9,13007,1.68,1527.0
51,3231,4,6,8,9,10,145,10,4,22091,1.37,568.0
51,3232,4,6,10,13,14,145,10,5,12040,1.59,1292.0
51,3233,4,5,10,10,10,145,11,8,12461,1.51,835.0
51,3234,4,5,11,10,10,125,10,4,12459,1.66,947.0
51,3235,4,4,8,12,13,150,10,4,15422,1.28,492.0
51,3236,4,5,10,8,14,187,11,4,12318,1.53,911.0
51,3237,4,4,11,13,14,145,10,5,13924,1.69,1033.0
51,3238,4,6,8,9,13,63,10,4,13799,1.34,604.0
51,3239,4,8,8,8,10,56,10,11,18867,1.36,711.0
51,3240,4,5,11,13,13,145,11,4,14797,1.79,1296.0
51,3241,4,6,10,13,14,145,11,10,11994,1.59,1309.0
51,3242,4,6,11,10,13,145,11,4,14700,1.77,1327.0
51,3243,5,4,10,9,8,112,15,5,30048,1.48,1010.0
51,3244,5,6,12,9,8,145,10,4,29144,1.85,1183.0
51,3245,4,7,8,12,14,179,10,10,13393,1.46,908.0
51,3246,4,8,11,12,8,63,10,4,13120,1.78,1562.0
51,3247,5,5,9,8,14,145,10,11,12740,1.49,536.0
51,3248,4,6,10,13,10,145,11,7,12126,1.5,1068.0
51,3249,4,6,11,10,10,179,11,4,12278,1.69,1165.0
51,3250,4,4,8,10,10,145,11,8,22293,1.32,471.0
51,3251,5,5,11,10,8,66,10,4,28745,1.66,690.0
51,3252,4,8,8,8,8,63,10,10,14450,1.34,670.0
51,3253,4,4,11,10,11,179,10,4,13871,1.61,780.0
51,3254,4,5,11,12,14,66,10,11,12971,1.79,1374.0
51,3255,5,4,8,9,10,66,17,4,14904,1.29,672.0
51,3256,6,6,11,13,8,116,10,5,27859,1.72,996.0
51,3257,5,6,8,10,8,112,10,5,29519,1.34,461.0
51,3258,4,4,11,13,14,145,11,4,14094,1.69,1057.0
51,3259,4,5,9,10,12,145,13,8,12611,1.47,776.0
51,3260,4,6,10,13,10,145,11,4,12123,1.5,1068.0
51,3261,4,5,11,14,14,145,19,7,11995,1.84,2031.0
51,3262,4,8,11,14,10,179,11,4,11836,1.73,1831.0
51,3263,4,6,11,14,8,63,10,10,13131,1.74,1422.0
51,3264,5,4,8,8,14,145,10,4,15549,1.38,426.0
51,3265,4,5,11,10,12,145,10,11,11898,1.73,1044.0
51,3266,4,8,9,10,12,194,16,11,12352,1.62,1747.0
51,3267,5,8,10,12,13,145,10,5,16751,1.65,1146.0
51,3268,4,4,9,8,11,187,11,4,19588,1.4,525.0
51,3269,4,6,8,13,10,145,11,5,21895,1.4,732.0
51,3270,4,6,11,13,13,145,20,4,14664,1.79,2394.0
51,3271,4,8,11,10,12,179,12,5,11740,1.82,1793.0
51,3272,4,7,11,14,14,145,10,11,11677,1.87,1973.0
51,3273,4,6,8,14,13,145,10,5,13062,1.38,836.0
51,3274,4,8,8,10,8,63,11,4,14329,1.39,794.0
51,3275,5,5,10,8,8,63,10,8,29491,1.52,590.0
51,3276,4,4,8,8,14,150,11,4,16403,1.33,500.0
51,3277,4,5,10,10,13,145,11,4,12288,1.52,899.0
51,3278,4,5,10,8,14,145,10,4,12357,1.54,905.0
51,3279,4,6,10,10,13,150,15,5,12123,1.56,1565.0
51,3280,4,6,10,9,14,145,19,11,12052,1.58,1713.0
51,3281,5,8,8,8,13,145,10,4,13259,1.46,671.0
51,3282,4,4,8,14,13,63,10,4,14806,1.32,615.0
52,3283,4,4,8,9,13,112,10,11,15493,1.29,453.0
52,3284,4,5,9,10,10,145,11,12,12692,1.42,634.0
52,3285,4,5,11,10,12,145,13,8,12112,1.75,1149.0
52,3286,4,4,8,8,13,63,10,11,14773,1.33,482.0
52,3287,4,4,8,12,8,66,10,10,15803,1.32,488.0
52,3288,4,5,10,13,13,145,10,4,12185,1.57,1068.0
52,3289,4,5,11,8,14,145,11,4,12008,1.73,1100.0
52,3290,4,5,8,12,8,145,11,4,15123,1.36,549.0
52,3291,5,5,9,10,8,145,11,4,28273,1.43,584.0
52,3292,7,6,8,10,14,132,10,5,13658,1.51,776.0
52,3293,5,4,8,13,8,112,10,4,29753,1.29,450.0
52,3294,4,8,10,13,14,179,12,11,12011,1.69,1823.0
52,3295,4,6,11,10,12,145,19,5,11826,1.82,1991.0
52,3296,5,8,11,10,14,112,12,5,14726,1.89,1435.0
52,3297,4,6,10,10,12,179,11,11,17132,1.57,1164.0
52,3298,4,8,11,13,14,145,10,11,11933,1.85,1952.0
52,3299,4,6,11,12,14,179,11,4,11917,1.78,1412.0
52,3300,4,6,10,10,14,179,10,5,12243,1.56,1103.0
52,3301,4,8,11,9,13,145,15,4,14803,1.93,2382.0
52,3302,4,5,11,10,13,145,11,8,14795,1.73,1086.0
52,3303,5,6,10,10,14,145,12,4,12436,1.62,982.0
52,3304,4,4,11,14,10,63,10,4,13027,1.64,1036.0
52,3305,4,6,8,9,8,145,11,4,14610,1.33,599.0
52,3306,5,4,9,12,11,63,10,11,14084,1.37,447.0
52,3307,5,4,8,8,8,187,10,4,30726,1.29,351.0
52,3308,5,6,8,10,8,63,11,5,29739,1.38,532.0
52,3309,4,4,11,8,14,145,10,4,13669,1.63,837.0
52,3310,4,8,10,10,14,145,11,10,12122,1.68,1687.0
52,3311,4,4,10,10,14,179,10,11,13884,1.47,753.0
52,3312,4,5,11,10,12,145,10,4,11990,1.73,1041.0
52,3313,4,8,8,14,13,63,10,4,13436,1.43,1012.0
52,3314,4,5,11,9,13,145,15,11,14777,1.76,1370.0
52,3315,5,5,8,13,14,112,10,5,13874,1.38,548.0
52,3316,5,6,9,10,11,145,10,4,12792,1.47,641.0
52,3317,4,5,8,8,13,112,10,4,13665,1.33,515.0
52,3318,5,6,11,14,10,145,10,10,12261,1.71,1081.0
52,3319,4,6,10,9,13,145,10,11,12165,1.54,1048.0
52,3320,4,6,12,14,10,170,15,5,12807,1.9,2262.0
52,3321,4,6,10,10,14,145,15,4,12106,1.58,1602.0
52,3322,4,6,10,10,14,145,11,10,11893,1.59,1234.0
52,3323,4,6,11,13,10,145,12,11,11831,1.68,1391.0
52,3324,4,8,11,10,12,179,11,4,11674,1.82,1747.0
52,3325,4,4,8,12,8,63,10,9,15371,1.32,488.0
52,3326,4,4,8,8,13,66,10,11,14958,1.33,482.0
52,3327,4,5,9,10,12,145,13,4,12582,1.47,775.0
52,3328,4,6,9,13,10,103,11,11,12776,1.42,801.0
52,3329,4,5,8,14,8,112,10,5,14592,1.31,614.0
53,3330,4,6,9,11,13,145,11,4,12475,1.51,968.0
53,3331,5,5,10,8,10,145,10,4,12577,1.55,622.0
53,3332,4,6,10,8,14,150,11,4,12063,1.55,1087.0
53,3333,4,5,10,10,14,150,13,11,12285,1.56,1131.0
53,3334,4,6,11,9,8,63,10,4,13109,1.64,1027.0
53,3335,6,6,8,14,13,112,10,5,12970,1.48,740.0
53,3336,4,8,10,12,14,179,10,11,12017,1.63,1549.0
53,3337,4,5,8,13,10,145,10,11,21454,1.39,614.0
53,3338,4,8,11,10,13,145,10,4,14607,1.83,1805.0
53,3339,5,6,10,10,10,145,14,4,12416,1.57,897.0
53,3340,4,4,11,10,11,179,10,5,13418,1.61,780.0
53,3341,5,8,9,12,14,187,10,4,12660,1.6,1013.0
53,3342,4,5,9,10,13,145,11,8,12590,1.48,758.0
53,3343,4,6,9,8,13,145,11,5,12567,1.46,797.0
53,3344,4,6,10,10,13,145,15,5,12099,1.56,1566.0
53,3345,4,6,9,13,13,145,10,11,12258,1.49,941.0
53,3346,5,6,11,10,14,145,10,5,15008,1.81,1019.0
53,3347,4,8,10,8,11,145,10,10,12158,1.59,1329.0
53,3348,4,4,8,13,13,63,11,5,14553,1.34,590.0
53,3349,5,5,9,8,8,145,10,4,27770,1.45,498.0
53,3350,4,6,8,10,13,145,15,5,12885,1.46,1179.0
53,3351,8,4,12,9,8,63,11,4,27283,1.91,1404.0
53,3352,4,6,10,13,13,103,11,7,12282,1.57,1263.0
53,3353,4,6,8,8,13,145,10,5,13051,1.41,722.0
53,3354,4,6,9,14,13,145,10,4,12396,1.5,986.0
53,3355,4,5,10,10,10,145,10,11,12404,1.52,819.0
53,3356,4,5,9,10,13,145,11,11,12441,1.48,758.0
53,3357,4,6,10,8,12,145,13,5,16718,1.62,1311.0
53,3358,5,8,11,10,13,63,10,4,13231,1.86,1332.0
53,3359,4,4,8,8,14,179,10,4,15930,1.34,508.0
53,3360,4,5,10,10,14,145,20,11,12145,1.55,1863.0
53,3361,4,5,9,10,8,145,13,4,14541,1.41,712.0
53,3362,4,5,8,13,10,145,10,4,21362,1.39,611.0
53,3363,5,6,11,10,14,145,11,4,14899,1.81,1024.0
53,3364,5,6,8,10,14,123,10,4,13126,1.43,566.0
53,3365,4,8,8,10,14,179,12,4,13259,1.47,1095.0
53,3366,5,5,11,12,12,145,11,11,12345,1.83,999.0
53,3367,4,4,8,13,10,145,10,4,22270,1.35,543.0
53,3368,4,6,11,13,13,187,11,11,15572,1.82,1586.0
53,3369,4,8,11,10,12,57,12,11,13169,1.81,1785.0
53,3370,4,6,11,13,14,179,11,4,11862,1.83,1623.0
53,3371,5,4,10,8,13,145,11,4,18087,1.49,577.0
53,3372,5,6,10,10,11,187,11,5,12709,1.58,802.0
53,3373,5,4,9,12,14,112,10,5,14172,1.43,512.0
53,3374,4,6,9,14,10,145,11,4,12638,1.46,888.0
53,3375,6,5,8,8,8,145,16,6,30518,1.39,845.0
53,3376,5,6,10,9,13,63,10,5,15555,1.56,802.0
53,3377,4,6,8,10,9,112,10,4,13681,1.32,595.0
53,3378,4,4,8,12,10,145,10,4,22419,1.34,529.0
53,3379,4,6,10,10,13,187,15,4,12458,1.56,1570.0
53,3380,4,4,8,10,8,112,11,5,16631,1.26,422.0
53,3381,4,6,8,14,8,63,10,4,14713,1.32,679.0
53,3382,4,4,10,10,8,63,10,10,13905,1.42,625.0
53,3383,4,6,8,8,13,145,11,4,13193,1.39,697.0
53,3384,5,4,8,8,8,63,10,11,31279,1.28,339.0
53,3385,4,8,11,10,12,179,10,6,11750,1.82,1745.0
53,3386,4,8,10,9,14,145,15,5,12189,1.68,1851.0
54,3387,4,8,9,12,14,145,10,10,12333,1.57,1295.0
54,3388,4,5,8,12,14,145,10,10,13686,1.37,620.0
54,3389,4,5,10,10,12,145,10,4,16447,1.52,863.0
54,3390,4,5,9,10,10,145,13,11,12750,1.45,720.0
54,3391,4,6,10,10,13,63,11,10,13204,1.57,1183.0
54,3392,4,6,10,10,10,179,10,7,12373,1.53,967.0
54,3393,4,6,10,9,14,179,15,4,12456,1.58,1587.0
54,3394,4,8,11,10,13,145,10,5,14618,1.83,1805.0
54,3395,4,6,8,8,14,145,10,10,13354,1.41,754.0
54,3396,4,4,8,10,8,145,11,8,17053,1.26,427.0
54,3397,4,5,11,10,10,63,11,4,12991,1.65,960.0
54,3398,4,5,10,13,14,145,18,5,12174,1.56,1511.0
54,3399,4,6,9,8,13,145,19,4,12713,1.48,1391.0
54,3400,4,4,8,12,14,66,10,4,14762,1.27,493.0
54,3401,5,5,12,10,14,52,10,11,13327,1.92,1120.0
54,3402,5,4,10,12,14,187,10,5,13398,1.5,653.0
54,3403,4,8,11,12,14,109,10,7,12161,1.85,1915.0
54,3404,5,4,10,8,14,145,10,4,14104,1.5,559.0
54,3405,4,6,10,9,14,145,15,11,12057,1.58,1583.0
54,3406,4,6,10,12,10,92,10,11,12656,1.49,991.0
54,3407,4,4,8,14,8,63,20,4,15279,1.36,1356.0
54,3408,4,4,10,8,12,145,10,11,18199,1.44,678.0
54,3409,4,6,8,10,8,63,18,7,14870,1.37,957.0
54,3410,8,5,8,9,13,102,10,11,14614,1.53,1251.0
54,3411,5,6,10,10,14,63,10,4,13220,1.59,829.0
54,3412,5,4,9,8,11,145,10,4,14807,1.38,392.0
54,3413,5,6,10,13,13,112,11,5,16304,1.56,964.0
54,3414,4,6,9,13,11,145,11,11,18823,1.45,827.0
54,3415,4,6,12,10,13,145,10,4,11709,1.94,1767.0
54,3416,5,4,8,8,8,145,10,4,30170,1.28,345.0
54,3417,4,6,11,10,14,63,10,5,12991,1.77,1339.0
54,3418,4,5,8,8,11,63,10,4,14132,1.36,484.0
54,3419,4,4,8,8,13,112,10,10,15992,1.33,488.0
54,3420,4,6,10,12,14,179,10,5,12345,1.59,1245.0
54,3421,4,8,11,13,14,145,19,11,11743,1.98,3023.0
54,3422,4,5,8,10,12,179,10,11,13893,1.37,604.0
54,3423,4,8,11,8,13,112,12,4,14653,1.83,1820.0
54,3424,5,5,8,13,14,63,10,5,14286,1.38,543.0
54,3425,7,5,9,10,10,145,20,8,28618,1.59,2972.0
54,3426,4,5,11,8,13,145,11,4,14907,1.73,1068.0
54,3427,5,4,11,14,10,145,11,4,13643,1.63,772.0
54,3428,4,6,8,10,8,112,11,4,14088,1.32,590.0
54,3429,4,4,8,13,8,63,10,5,15379,1.27,490.0
54,3430,5,5,8,9,14,154,10,4,13627,1.37,449.0
54,3431,4,4,10,8,14,150,10,10,14688,1.46,718.0
54,3432,4,6,8,10,8,63,19,11,14830,1.37,1053.0
55,3433,4,6,11,13,14,145,11,11,11883,1.83,1620.0
55,3434,4,8,10,12,13,179,10,9,11964,1.62,1497.0
55,3435,4,6,11,13,13,145,15,4,14510,1.73,1692.0
55,3436,4,6,10,9,14,145,11,5,11995,1.54,1093.0
55,3437,5,5,9,8,13,52,10,12,13595,1.47,514.0
55,3438,5,8,11,10,12,179,11,4,12069,1.86,1311.0
55,3439,4,6,8,12,10,132,10,11,21624,1.37,626.0
55,3440,4,8,8,13,13,145,10,5,12519,1.42,943.0
55,3441,4,5,8,10,13,145,11,4,13214,1.38,637.0
55,3442,4,8,9,14,13,145,10,11,12526,1.54,1306.0
55,3443,5,6,11,13,14,145,11,4,14849,1.86,1245.0
55,3444,4,6,11,10,10,179,12,11,12211,1.69,1187.0
55,3445,4,8,10,10,12,179,11,7,17262,1.64,1578.0
55,3446,4,6,11,8,10,112,11,4,12181,1.68,1138.0
55,3447,5,6,8,8,13,145,11,4,13616,1.43,597.0
55,3448,4,4,9,8,11,63,10,10,17312,1.39,500.0
55,3449,4,5,11,12,14,145,18,11,12101,1.89,2144.0
55,3450,5,6,8,9,13,145,15,5,13210,1.5,1001.0
55,3451,4,8,11,9,13,145,15,5,14885,1.93,2381.0
55,3452,4,6,10,10,12,194,10,11,16972,1.54,1039.0
55,3453,4,6,8,10,13,179,10,4,13673,1.41,749.0
55,3454,4,8,11,13,14,145,10,5,11680,1.85,1951.0
55,3455,5,6,8,14,8,88,11,4,29877,1.4,691.0
55,3456,4,4,11,13,13,112,12,10,16277,1.67,1015.0
55,3457,4,5,8,8,8,145,10,4,14985,1.32,447.0
55,3458,4,4,11,8,10,63,11,10,13133,1.6,760.0
55,3459,4,6,10,12,14,145,10,10,11883,1.59,1242.0
55,3460,4,8,10,12,14,179,10,4,12090,1.63,1548.0
55,3461,4,5,11,8,14,150,11,11,12182,1.73,1104.0
55,3462,4,8,9,10,14,179,11,12,12052,1.56,1245.0
55,3463,4,6,11,10,8,63,11,4,13198,1.69,1113.0
55,3464,4,5,9,10,14,145,11,12,12627,1.49,779.0
55,3465,4,4,8,9,14,63,10,11,15051,1.29,462.0
55,3466,4,8,11,12,8,179,10,4,12403,1.79,1573.0
55,3467,4,7,11,14,14,190,10,5,11915,1.87,1977.0
55,3468,4,5,11,10,14,145,11,11,11920,1.73,1121.0
55,3469,4,5,11,13,14,145,11,4,11922,1.8,1330.0
55,3470,5,6,8,13,14,145,10,5,12943,1.45,648.0
55,3471,4,8,9,10,12,145,13,11,12752,1.55,1274.0
55,3472,4,5,11,10,12,179,12,11,12121,1.76,1274.0
55,3473,5,6,8,9,10,145,15,4,13571,1.37,776.0
55,3474,4,6,11,11,10,145,10,4,11877,1.75,1367.0
55,3475,4,4,8,8,13,63,11,12,14744,1.32,478.0
55,3476,4,4,8,10,8,187,10,4,15997,1.27,415.0
55,3477,4,6,11,11,10,96,10,5,12469,1.75,1362.0
55,3478,4,6,11,11,14,145,12,4,11829,1.82,1589.0
55,3479,4,6,10,9,13,134,12,5,12214,1.54,1091.0
55,3480,4,5,8,8,10,112,10,4,20852,1.33,469.0
55,3481,4,8,11,10,12,63,12,4,12909,1.81,1784.0
55,3482,8,4,8,8,8,179,10,11,29287,1.44,1091.0
56,3483,4,6,10,10,10,100,11,7,12423,1.49,998.0
56,3484,4,6,12,10,14,80,10,5,14308,1.95,1836.0
56,3485,4,8,11,12,13,179,10,11,14862,1.84,1858.0
56,3486,4,6,9,14,14,145,10,11,12434,1.51,1011.0
56,3487,4,4,8,10,8,63,11,11,15387,1.26,418.0
56,3488,4,6,11,10,12,150,11,11,11970,1.76,1285.0
56,3489,4,8,10,10,14,179,19,4,11976,1.69,2196.0
56,3490,4,5,9,12,13,145,10,11,12654,1.49,797.0
56,3491,4,4,10,8,10,63,10,4,13577,1.45,656.0
56,3492,5,4,8,10,10,145,10,11,15735,1.32,361.0
56,3493,4,6,8,9,11,187,10,6,13669,1.39,590.0
56,3494,4,6,9,14,13,145,11,4,12403,1.5,996.0
56,3495,4,4,8,8,8,150,11,4,17149,1.26,412.0
56,3496,5,5,10,8,14,63,11,4,13556,1.56,707.0
56,3497,4,6,10,9,13,145,10,5,12178,1.54,1046.0
56,3498,7,6,10,9,13,113,17,5,12604,1.73,1777.0
56,3499,4,4,8,9,13,145,10,10,15682,1.3,457.0
56,3500,4,6,10,10,13,187,11,11,12166,1.58,1199.0
56,3501,4,5,9,11,10,145,10,4,12686,1.46,648.0
56,3502,4,6,10,10,13,145,11,11,11991,1.57,1194.0
56,3503,4,6,10,8,14,145,10,5,11972,1.55,1075.0
56,3504,5,5,8,13,13,145,11,5,13579,1.4,571.0
56,3505,4,6,10,12,14,145,19,5,11965,1.58,1742.0
56,3506,4,8,11,13,14,179,10,11,11584,1.86,1956.0
56,3507,4,8,11,10,14,179,12,11,11686,1.84,1912.0
56,3508,4,8,11,10,12,179,10,4,11728,1.82,1745.0
56,3509,4,4,12,10,8,63,11,4,14368,1.76,1077.0
56,3510,4,4,8,10,14,145,10,11,15991,1.34,512.0
56,3511,5,5,11,8,8,173,10,4,29931,1.68,687.0
56,3512,5,5,11,10,14,66,10,11,15186,1.79,848.0
56,3513,4,5,8,13,13,145,11,5,13221,1.38,672.0
56,3514,4,8,9,10,13,145,10,11,12452,1.52,1083.0
56,3515,4,6,9,10,10,145,11,12,12721,1.46,754.0
56,3516,4,5,10,10,13,145,11,10,12127,1.52,901.0
56,3517,4,5,8,14,13,145,11,10,13165,1.34,718.0
56,3518,8,6,10,13,14,145,16,5,12955,1.92,2820.0
56,3519,4,5,11,8,13,145,11,5,14671,1.73,1069.0
56,3520,4,4,8,10,14,179,10,4,15731,1.34,514.0
56,3521,5,8,11,8,8,63,10,4,27622,1.75,1091.0
56,3522,4,6,10,9,10,145,15,4,12293,1.49,1391.0
56,3523,4,8,8,9,14,179,10,4,13161,1.47,1000.0
56,3524,5,4,11,10,8,63,10,4,29913,1.6,561.0
56,3525,5,5,8,10,13,123,10,4,13909,1.41,474.0
56,3526,5,6,9,8,14,145,10,4,12566,1.51,630.0
56,3527,4,6,10,10,14,112,10,4,12260,1.55,1094.0
56,3528,6,5,11,12,14,179,19,11,12355,1.98,2094.0
56,3529,5,7,9,12,14,145,10,10,12364,1.56,889.0
57,3530,4,6,8,12,14,187,10,4,14241,1.38,701.0
57,3531,4,6,11,14,10,145,15,10,11926,1.81,1810.0
57,3532,5,6,11,14,10,145,11,11,12137,1.72,1114.0
57,3533,5,4,8,12,8,187,10,4,29403,1.35,429.0
57,3534,4,6,10,9,14,145,10,5,12091,1.55,1082.0
57,3535,4,6,11,13,10,145,15,5,12024,1.7,1592.0
57,3536,5,5,9,10,8,112,11,4,27709,1.43,580.0
57,3537,4,4,8,10,12,145,13,11,15726,1.29,593.0
57,3538,7,6,10,13,14,145,10,11,12531,1.72,1180.0
57,3539,4,6,10,12,14,145,10,12,11885,1.59,1242.0
57,3540,5,5,11,13,14,145,10,5,15234,1.79,1006.0
57,3541,4,6,12,12,14,145,13,4,13846,1.95,1976.0
57,3542,4,5,11,10,8,145,10,11,12245,1.64,881.0
57,3543,5,6,8,14,10,145,10,4,13515,1.38,603.0
57,3544,4,6,11,10,14,123,11,4,12109,1.77,1362.0
57,3545,4,4,8,8,13,63,19,4,14717,1.28,1001.0
57,3546,5,6,10,13,14,145,10,5,12235,1.58,972.0
57,3547,4,6,10,12,13,145,10,4,11892,1.57,1200.0
57,3548,4,4,8,12,14,66,10,10,15015,1.27,495.0
57,3549,4,8,11,10,12,179,10,5,11845,1.82,1745.0
57,3550,4,5,11,10,10,145,10,10,12017,1.66,951.0
57,3551,4,6,9,12,14,145,11,8,12613,1.45,884.0
57,3552,5,8,8,10,12,179,12,4,13028,1.44,716.0
57,3553,4,6,11,10,10,145,10,11,11967,1.69,1146.0
57,3554,5,8,11,10,14,63,10,4,14641,1.87,1375.0
57,3555,4,4,9,8,11,179,10,4,20180,1.39,513.0
57,3556,4,5,11,11,14,145,10,11,12021,1.81,1307.0
57,3557,4,5,10,10,13,145,11,11,12187,1.52,901.0
57,3558,4,6,9,8,12,145,13,5,12609,1.45,853.0
57,3559,4,6,10,10,14,145,10,8,12055,1.56,1098.0
57,3560,4,4,10,10,13,197,11,10,13575,1.49,793.0
57,3561,5,6,8,8,8,145,10,4,29338,1.4,475.0
57,3562,4,6,11,13,12,179,10,4,12065,1.83,1559.0
57,3563,4,8,10,10,14,145,12,11,12250,1.69,1727.0
57,3564,4,6,9,14,13,145,11,11,12309,1.5,998.0
57,3565,4,5,9,10,13,145,10,11,12637,1.47,793.0
57,3566,4,5,11,10,10,145,10,8,11901,1.66,949.0
57,3567,4,8,11,12,8,179,10,10,12365,1.79,1575.0
57,3568,4,4,8,8,14,63,10,11,14844,1.33,495.0
57,3569,4,8,11,12,13,145,10,11,14491,1.84,1854.0
57,3570,4,6,10,8,14,179,11,5,12078,1.55,1090.0
57,3571,5,6,11,13,11,63,10,4,13144,1.82,1033.0
57,3572,4,4,9,8,10,145,11,4,15013,1.38,499.0
57,3573,4,6,8,14,11,145,11,4,13029,1.38,781.0
57,3574,4,6,11,10,10,112,10,4,12142,1.68,1140.0
57,3575,4,6,10,10,10,145,11,7,12248,1.49,1004.0
58,3576,5,4,9,10,8,66,10,11,30563,1.37,454.0
58,3577,6,4,11,14,10,145,11,5,14298,1.77,887.0
58,3578,5,6,8,13,10,123,11,4,13534,1.46,670.0
58,3579,4,5,11,8,10,145,11,8,11993,1.65,953.0
58,3580,5,5,9,8,13,145,12,11,12682,1.51,662.0
58,3581,6,8,11,13,12,179,10,4,12060,1.95,1490.0
58,3582,4,6,8,10,13,145,16,5,13161,1.38,894.0
58,3583,4,4,11,9,14,187,12,11,13101,1.63,890.0
58,3584,4,4,8,10,8,112,11,4,16557,1.26,422.0
58,3585,5,5,11,10,10,145,11,8,12590,1.69,743.0
58,3586,4,8,11,10,8,63,12,11,13057,1.79,1594.0
58,3587,5,4,8,8,12,179,10,4,15491,1.33,395.0
58,3588,4,6,10,9,8,145,15,4,13163,1.53,1230.0
58,3589,5,6,12,8,14,63,10,10,13171,1.97,1318.0
58,3590,5,6,11,12,14,145,10,5,14942,1.85,1226.0
58,3591,4,6,8,10,10,132,10,11,21515,1.34,622.0
58,3592,4,6,11,10,8,145,18,5,12237,1.72,1624.0
58,3593,4,6,11,8,13,112,10,4,14452,1.77,1288.0
58,3594,4,5,8,14,14,145,10,10,13934,1.37,708.0
58,3595,4,5,8,10,14,63,11,11,14197,1.38,656.0
58,3596,4,4,11,10,8,145,10,4,14392,1.58,711.0
58,3597,5,4,10,8,10,145,10,4,14274,1.49,533.0
58,3598,5,5,8,8,8,63,10,4,29668,1.38,404.0
58,3599,4,6,10,10,13,145,13,11,11966,1.59,1296.0
58,3600,4,5,9,10,12,145,11,10,12642,1.48,739.0
58,3601,4,6,10,10,10,150,19,4,12057,1.55,1587.0
58,3602,4,4,9,8,8,63,10,12,14852,1.34,477.0
58,3603,5,5,8,10,10,145,11,4,13899,1.37,475.0
58,3604,4,6,10,10,13,66,10,10,12982,1.53,1055.0
58,3605,4,6,10,11,13,120,11,7,12199,1.55,1084.0
58,3606,5,6,9,10,10,179,10,10,13097,1.49,647.0
58,3607,4,5,8,8,13,145,13,4,13437,1.38,714.0
58,3608,4,4,10,9,14,145,19,5,14279,1.48,1349.0
58,3609,5,7,8,13,10,66,10,4,13985,1.43,640.0
58,3610,4,6,10,8,8,63,15,5,13675,1.52,1207.0
58,3611,4,4,12,9,13,145,10,10,14268,1.78,1161.0
58,3612,4,6,9,8,13,145,11,4,12418,1.46,796.0
58,3613,4,6,10,12,11,145,11,7,12046,1.53,1212.0
58,3614,4,6,10,10,10,179,10,10,12387,1.53,969.0
58,3615,5,5,8,10,10,145,13,4,13717,1.37,569.0
58,3616,5,5,10,8,10,145,11,4,12564,1.55,660.0
58,3617,4,6,9,10,13,145,11,10,12417,1.48,844.0
58,3618,4,6,11,12,13,145,10,10,14863,1.77,1349.0
58,3619,4,6,10,10,14,145,10,12,12037,1.56,1100.0
58,3620,7,5,10,10,14,145,10,9,13092,1.72,971.0
58,3621,5,4,9,10,12,145,13,11,20016,1.43,527.0
58,3622,4,6,8,8,10,145,10,5,21769,1.34,598.0
58,3623,4,4,8,8,8,63,11,5,15451,1.26,400.0
58,3624,4,7,10,9,12,145,18,5,16826,1.64,1837.0
58,3625,4,4,8,10,10,145,10,11,22746,1.29,440.0
59,3626,4,6,10,12,10,145,15,4,12160,1.56,1272.0
59,3627,6,6,10,14,8,133,10,9,28385,1.56,906.0
59,3628,5,4,9,10,8,63,10,11,30613,1.37,454.0
59,3629,4,7,8,10,12,145,13,4,12856,1.41,849.0
59,3630,4,4,8,10,10,179,10,11,22476,1.29,444.0
59,3631,5,8,11,12,14,145,10,11,14829,1.93,1633.0
59,3632,5,6,10,8,11,63,10,4,13414,1.57,749.0
59,3633,5,6,10,8,10,179,11,4,12602,1.56,760.0
59,3634,4,8,10,10,12,194,10,11,17064,1.61,1421.0
59,3635,4,6,8,12,13,66,15,4,13706,1.46,1213.0
59,3636,5,6,9,11,10,145,11,4,12809,1.46,616.0
59,3637,4,6,11,10,13,179,10,5,15366,1.77,1315.0
59,3638,5,4,8,10,8,63,11,10,30762,1.29,369.0
59,3639,6,6,10,10,13,145,15,4,12421,1.64,1242.0
59,3640,4,4,8,12,10,145,10,10,22408,1.34,531.0
59,3641,4,4,8,10,8,63,10,11,15427,1.26,402.0
59,3642,5,6,8,8,13,145,10,11,13319,1.42,540.0
59,3643,4,6,9,13,13,145,11,4,12327,1.45,889.0
59,3644,5,5,11,8,10,145,10,4,12409,1.71,718.0
59,3645,4,8,8,13,13,179,10,4,12405,1.42,947.0
59,3646,5,8,10,10,12,145,12,11,12191,1.64,1103.0
59,3647,4,6,11,14,10,145,11,8,11944,1.69,1408.0
59,3648,4,5,9,10,9,122,11,4,13281,1.4,601.0
59,3649,4,5,10,13,14,145,15,4,12139,1.57,1435.0
59,3650,4,8,10,13,14,194,10,11,12045,1.68,1721.0
59,3651,5,5,10,12,14,145,10,4,12247,1.6,813.0
59,3652,5,5,8,13,10,145,10,5,13832,1.37,501.0
59,3653,4,6,9,11,14,145,11,4,12480,1.51,993.0
59,3654,4,5,11,10,14,145,10,6,11908,1.74,1111.0
59,3655,4,6,10,12,13,145,10,10,12029,1.57,1202.0
59,3656,4,5,11,12,14,179,10,11,12091,1.8,1391.0
59,3657,4,6,11,13,10,145,11,5,11874,1.68,1321.0
59,3658,4,6,10,13,13,128,11,5,12053,1.57,1266.0
59,3659,4,6,9,10,13,145,18,4,12409,1.48,1316.0
59,3660,4,6,11,13,10,145,19,4,11838,1.76,1873.0
59,3661,4,6,10,10,13,145,11,12,11989,1.57,1194.0
59,3662,4,5,9,10,10,145,11,10,12710,1.42,633.0
59,3663,4,4,8,8,8,112,11,12,16920,1.26,410.0
59,3664,4,4,8,14,10,63,11,8,19550,1.26,558.0
59,3665,4,6,11,10,8,145,11,4,12224,1.7,1122.0
59,3666,4,4,8,12,10,145,10,11,22629,1.34,531.0
59,3667,5,6,10,10,14,145,10,10,12451,1.6,839.0
59,3668,4,6,11,14,10,145,15,5,11858,1.81,1810.0
59,3669,4,6,10,9,13,145,11,4,12043,1.53,1059.0
60,3670,4,4,8,9,13,63,10,10,14811,1.29,447.0
60,3671,4,6,10,8,8,145,15,5,13036,1.53,1216.0
60,3672,5,6,8,8,14,63,10,4,13951,1.42,543.0
60,3673,4,4,10,10,8,145,10,11,15090,1.43,636.0
60,3674,4,5,11,12,10,145,11,4,12038,1.71,1127.0
60,3675,5,5,10,10,14,145,10,8,12273,1.63,846.0
60,3676,4,6,10,12,13,145,11,5,11958,1.64,1387.0
60,3677,4,5,11,12,8,173,10,11,12518,1.69,1115.0
60,3678,5,8,9,8,14,63,10,4,13470,1.55,844.0
60,3679,5,6,10,12,10,145,10,4,12562,1.57,881.0
60,3680,4,4,10,10,10,63,15,4,13585,1.43,1038.0
60,3681,4,6,8,9,13,145,19,6,12948,1.34,1191.0
60,3682,4,8,8,13,14,179,10,11,12988,1.42,975.0
60,3683,4,8,11,12,11,145,10,4,12026,1.83,1740.0
60,3684,4,7,8,12,11,78,15,5,13333,1.42,1376.0
60,3685,4,8,11,12,14,194,10,11,11654,1.86,1925.0
60,3686,4,5,9,10,14,145,10,11,12613,1.48,813.0
60,3687,4,4,11,8,8,179,10,4,14175,1.57,689.0
60,3688,4,8,8,10,14,63,10,4,13599,1.43,873.0
60,3689,5,6,8,13,14,123,10,4,12848,1.45,646.0
60,3690,6,5,8,13,14,145,10,5,14212,1.45,589.0
60,3691,4,6,8,10,10,112,11,4,20855,1.33,625.0
60,3692,5,4,11,14,8,145,11,4,29098,1.6,743.0
60,3693,5,5,9,12,10,145,10,4,12833,1.43,540.0
60,3694,4,5,10,9,13,145,11,5,12292,1.51,887.0
60,3695,5,6,9,10,13,145,13,11,12349,1.52,739.0
60,3696,4,6,10,12,14,145,10,7,11932,1.59,1241.0
60,3697,4,8,11,9,13,145,10,4,14748,1.83,1788.0
60,3698,4,6,10,10,14,179,15,5,11999,1.58,1607.0
60,3699,5,4,8,10,8,194,10,11,30506,1.31,353.0
60,3700,4,8,11,8,12,63,10,4,12943,1.81,1699.0
60,3701,5,5,9,8,13,145,10,11,12867,1.49,524.0
60,3702,5,5,9,10,10,145,10,4,12869,1.48,557.0
60,3703,4,6,11,11,10,145,10,8,11930,1.75,1367.0
60,3704,4,6,8,8,13,63,10,11,13864,1.4,713.0
60,3705,4,4,9,14,8,145,10,10,16619,1.3,622.0
60,3706,4,5,11,10,10,100,15,12,12648,1.75,1321.0
60,3707,5,4,10,10,8,66,10,4,30125,1.43,551.0
60,3708,5,4,9,9,12,66,13,4,17073,1.43,510.0
60,3709,4,4,8,8,10,145,10,5,22386,1.29,429.0
60,3710,5,4,10,10,10,150,19,11,14418,1.5,1176.0
60,3711,5,6,8,10,14,102,12,4,13192,1.38,561.0
60,3712,5,5,9,13,13,145,11,5,12680,1.48,633.0
60,3713,4,6,11,13,14,181,10,4,11948,1.84,1649.0
60,3714,5,6,9,14,11,63,11,4,13476,1.49,711.0
60,3715,5,8,8,10,14,66,10,4,13479,1.48,739.0
60,3716,4,4,11,10,12,179,12,11,13663,1.61,848.0
60,3717,4,5,10,12,10,145,15,5,12467,1.49,1266.0
60,3718,5,5,10,10,11,145,10,4,12846,1.58,775.0
60,3719,5,8,9,12,14,179,10,11,12394,1.6,1013.0
60,3720,4,4,11,8,11,63,10,4,13181,1.6,752.0
60,3721,4,6,11,13,10,145,10,8,11883,1.67,1336.0
60,3722,4,6,10,10,14,145,12,11,11988,1.55,1132.0
61,3723,4,6,11,8,14,179,10,11,12094,1.78,1337.0
61,3724,4,8,9,12,14,145,10,4,12241,1.57,1293.0
61,3725,4,6,10,13,14,145,10,11,11884,1.59,1294.0
61,3726,5,5,10,8,8,145,10,10,27377,1.53,600.0
61,3727,4,4,8,12,14,63,10,4,14853,1.27,493.0
61,3728,5,4,8,12,14,63,10,4,14494,1.31,414.0
61,3729,5,5,10,8,8,145,10,4,27591,1.53,598.0
61,3730,4,6,9,8,14,145,12,5,12801,1.51,1019.0
61,3731,5,6,8,10,12,102,13,4,13150,1.42,704.0
61,3732,5,4,9,10,8,63,13,4,30134,1.4,537.0
61,3733,4,5,8,8,12,145,10,11,13455,1.33,507.0
61,3734,4,5,9,8,11,145,10,5,18839,1.45,690.0
61,3735,4,5,9,14,13,145,10,11,12364,1.49,868.0
61,3736,5,8,8,10,14,179,10,4,13038,1.49,753.0
61,3737,4,8,11,10,12,179,15,11,11598,1.77,2027.0
61,3738,4,6,8,8,8,160,10,5,14734,1.32,561.0
61,3739,4,4,10,9,13,145,15,4,14111,1.48,1109.0
61,3740,4,5,11,10,14,145,11,8,11893,1.73,1119.0
61,3741,4,4,8,13,14,145,19,4,16009,1.35,1079.0
61,3742,7,7,10,12,11,187,10,8,13168,1.7,1193.0
61,3743,4,6,8,14,10,145,11,4,21464,1.37,763.0
61,3744,5,5,11,10,10,145,10,4,12465,1.7,733.0
61,3745,4,4,11,12,14,63,10,4,13111,1.64,890.0
61,3746,5,8,8,9,13,179,10,11,13313,1.48,745.0
61,3747,5,4,10,8,14,63,10,4,13526,1.5,549.0
61,3748,4,4,10,13,13,145,10,4,14329,1.45,804.0
61,3749,4,6,8,12,14,66,10,11,13963,1.37,689.0
61,3750,4,4,10,10,13,145,11,4,14183,1.49,786.0
61,3751,5,6,8,10,8,112,11,10,30167,1.38,541.0
61,3752,4,5,8,8,8,63,10,5,14763,1.32,437.0
61,3753,4,5,11,10,10,63,11,8,12890,1.65,961.0
61,3754,5,6,8,10,10,103,10,7,13618,1.35,473.0
61,3755,4,8,11,13,14,179,10,5,11610,1.86,1954.0
61,3756,5,4,8,10,10,176,10,4,15222,1.32,363.0
61,3757,5,4,9,8,10,145,10,10,14779,1.42,401.0
61,3758,4,5,8,12,8,63,10,4,14654,1.31,491.0
61,3759,4,6,8,12,12,132,12,11,12859,1.39,826.0
61,3760,5,8,11,10,10,179,10,11,12321,1.83,1226.0
61,3761,4,6,11,8,10,145,15,8,11953,1.69,1498.0
61,3762,4,6,11,8,10,145,11,11,12066,1.69,1144.0
61,3763,4,5,10,10,10,145,15,4,12378,1.49,1231.0
61,3764,4,5,10,10,13,145,15,4,12128,1.55,1358.0
61,3765,4,4,10,9,14,145,10,5,13976,1.46,722.0
61,3766,4,6,9,11,13,145,10,5,12576,1.45,813.0
61,3767,5,6,10,9,10,145,15,4,12745,1.56,1182.0
61,3768,5,6,11,13,10,145,11,4,12339,1.81,1104.0
61,3769,4,6,9,14,13,179,10,11,12610,1.51,992.0
61,3770,4,5,11,8,9,145,12,4,12077,1.65,939.0
61,3771,5,4,10,10,12,179,11,11,13742,1.51,604.0
61,3772,4,8,11,8,14,179,18,11,11684,2.04,3165.0
62,3773,4,4,8,9,13,145,10,5,15581,1.3,455.0
62,3774,5,6,8,12,10,66,10,4,14329,1.39,524.0
62,3775,4,6,8,10,13,66,10,4,13854,1.4,732.0
62,3776,5,4,10,12,14,145,10,4,14086,1.5,648.0
62,3777,5,5,8,8,9,130,11,4,15096,1.35,446.0
62,3778,4,6,9,10,13,145,11,11,12318,1.48,845.0
62,3779,5,8,11,10,12,145,15,11,12011,1.8,1643.0
62,3780,5,6,11,10,14,102,10,4,14653,1.8,1014.0
62,3781,4,5,8,10,14,145,12,11,13679,1.37,608.0
62,3782,4,4,8,10,12,179,15,11,15579,1.29,653.0
62,3783,5,8,11,8,8,63,11,4,27685,1.82,1168.0
62,3784,6,4,8,10,8,112,11,4,29816,1.39,455.0
62,3785,5,4,9,8,8,145,10,4,30283,1.37,407.0
62,3786,4,6,8,11,13,63,10,5,14097,1.34,625.0
62,3787,4,5,10,12,13,145,10,10,11992,1.55,1012.0
62,3788,4,4,8,10,13,187,11,4,14223,1.34,524.0
62,3789,5,5,10,10,14,145,10,4,12351,1.63,845.0
62,3790,5,6,10,8,14,145,15,5,12287,1.64,1304.0
62,3791,4,6,9,9,13,145,10,4,12604,1.5,863.0
62,3792,4,5,11,12,10,145,10,5,12059,1.75,1233.0
62,3793,8,6,11,9,14,145,10,4,12878,1.95,1616.0
62,3794,4,5,9,12,10,145,10,10,12580,1.43,661.0
62,3795,4,5,11,9,14,145,10,4,12100,1.74,1085.0
62,3796,4,4,8,10,13,63,10,11,14670,1.32,488.0
62,3797,4,6,11,12,13,187,11,4,15447,1.77,1376.0
62,3798,4,5,11,12,14,145,10,10,11982,1.8,1386.0
62,3799,4,8,11,10,14,145,15,5,11916,1.94,2444.0
62,3800,4,6,10,9,13,179,10,4,12119,1.54,1050.0
62,3801,4,4,8,8,8,63,19,6,15417,1.31,878.0
62,3802,4,6,8,9,13,145,10,10,12938,1.35,616.0
62,3803,4,6,10,10,10,145,10,5,12266,1.53,962.0
62,3804,4,6,10,13,11,112,10,4,12314,1.51,1078.0
62,3805,4,6,8,12,13,145,13,5,12976,1.41,793.0
62,3806,4,5,8,10,13,145,10,6,13425,1.38,615.0
62,3807,4,6,11,9,10,145,19,8,11844,1.75,1783.0
62,3808,4,6,10,12,10,145,11,4,12326,1.51,1175.0
62,3809,5,5,11,13,14,145,10,4,15079,1.79,1005.0
62,3810,4,6,10,10,10,145,11,8,12191,1.49,1005.0
62,3811,4,5,11,10,13,145,11,10,14911,1.73,1088.0
62,3812,4,4,8,12,13,66,11,4,14702,1.29,524.0
62,3813,5,6,8,8,8,63,11,4,30143,1.38,514.0
62,3814,4,6,10,10,12,200,12,11,17323,1.54,1072.0
62,3815,4,5,9,10,9,145,13,4,13110,1.44,697.0
62,3816,5,6,9,11,11,145,10,4,12780,1.47,606.0
62,3817,5,5,9,12,10,112,10,10,13113,1.42,537.0
62,3818,4,4,8,10,10,176,10,4,22949,1.29,442.0
63,3819,4,6,10,9,12,179,15,11,17131,1.55,1517.0
63,3820,4,8,11,10,10,145,15,5,11998,1.75,1921.0
63,3821,4,6,10,10,14,145,11,6,12017,1.59,1231.0
63,3822,5,4,10,8,8,145,15,4,30202,1.48,978.0
63,3823,4,6,8,10,10,63,10,4,19207,1.33,608.0
63,3824,4,8,11,11,14,179,10,5,11752,1.9,2139.0
63,3825,4,6,9,12,13,145,10,11,12306,1.45,849.0
63,3826,5,4,8,12,14,102,10,4,14762,1.31,419.0
63,3827,4,6,8,10,13,66,12,4,14036,1.37,697.0
63,3828,4,6,10,13,13,145,15,5,11952,1.6,1431.0
63,3829,4,6,12,14,13,145,10,10,11900,2.02,2172.0
63,3830,4,6,9,10,10,145,11,8,12719,1.46,753.0
63,3831,4,5,11,11,13,145,10,5,14786,1.8,1273.0
63,3832,5,8,11,10,12,179,15,11,12194,1.8,1648.0
63,3833,4,5,11,8,10,73,10,4,13081,1.67,925.0
63,3834,4,6,8,10,11,63,10,10,13935,1.34,627.0
63,3835,4,4,8,8,8,112,10,4,16684,1.24,389.0
63,3836,4,8,11,10,12,145,10,11,11820,1.82,1744.0
63,3837,4,5,11,12,13,179,12,5,15115,1.79,1399.0
63,3838,4,6,10,11,14,145,10,4,12075,1.55,1107.0
63,3839,4,8,8,13,11,187,10,4,12888,1.41,875.0
63,3840,4,8,11,8,14,179,10,4,11768,1.84,1825.0
63,3841,4,6,9,8,13,145,10,10,12496,1.47,790.0
63,3842,4,5,10,12,13,145,11,4,12218,1.57,1149.0
63,3843,5,4,9,9,11,63,10,4,13980,1.37,391.0
63,3844,4,8,8,9,11,145,10,6,13062,1.42,817.0
63,3845,4,6,8,13,13,73,14,8,13571,1.38,1035.0
63,3846,4,4,8,14,13,145,10,11,15513,1.33,628.0
63,3847,4,6,11,14,10,179,10,4,12162,1.79,1532.0
63,3848,5,6,10,10,13,145,15,4,16922,1.63,1309.0
63,3849,4,4,11,13,8,145,11,4,14244,1.57,870.0
63,3850,4,6,10,13,10,145,15,4,12032,1.56,1307.0
63,3851,4,8,11,9,14,179,10,11,11673,1.84,1847.0
63,3852,4,4,8,12,13,63,10,4,14552,1.27,481.0
63,3853,4,5,11,13,14,145,10,11,12048,1.76,1293.0
63,3854,5,6,9,10,12,145,10,11,19116,1.53,733.0
63,3855,4,5,9,11,14,145,13,10,12689,1.46,777.0
63,3856,4,4,8,8,8,179,10,4,16961,1.25,399.0
63,3857,5,8,11,9,10,63,10,11,13292,1.84,1206.0
63,3858,5,6,8,9,13,63,13,4,14193,1.42,694.0
63,3859,5,4,9,10,13,145,10,11,14420,1.46,519.0
63,3860,5,5,10,12,11,63,10,4,13285,1.6,749.0
63,3861,5,4,9,8,14,145,10,4,14475,1.4,432.0
63,3862,4,6,8,10,10,145,10,5,21775,1.34,621.0
63,3863,5,5,8,12,13,145,10,4,13652,1.37,496.0
63,3864,4,6,11,9,10,145,15,4,11935,1.69,1508.0
63,3865,5,8,11,10,14,179,12,4,14910,1.89,1444.0
63,3866,4,5,10,12,12,145,10,11,16743,1.55,985.0
63,3867,5,4,8,12,8,63,10,4,29575,1.34,415.0
63,3868,4,6,8,13,11,145,10,4,13075,1.35,663.0
63,3869,4,8,10,13,14,145,19,5,12126,1.7,2318.0
63,3870,4,5,10,12,13,145,11,10,12207,1.57,1153.0
63,3871,4,5,10,10,13,145,10,10,12191,1.53,891.0
63,3872,4,6,9,14,14,145,10,4,12314,1.51,1008.0
64,3873,4,5,11,10,12,145,11,11,12024,1.72,1055.0
64,3874,4,8,11,8,10,179,12,8,11889,1.81,1638.0
64,3875,5,6,11,13,8,145,11,4,28961,1.8,1089.0
64,3876,4,4,10,10,12,112,11,4,17829,1.47,759.0
64,3877,5,5,11,10,12,179,10,4,12257,1.78,808.0
64,3878,4,8,11,10,13,145,15,11,14785,1.93,2385.0
64,3879,4,6,10,10,14,179,11,10,12191,1.59,1237.0
64,3880,5,6,8,10,14,102,18,4,12939,1.48,1299.0
64,3881,4,8,11,10,14,179,16,4,11658,1.98,2698.0
64,3882,4,8,10,10,13,145,12,11,12381,1.67,1672.0
64,3883,4,6,11,10,12,179,11,10,12198,1.76,1289.0
64,3884,4,6,9,8,13,183,11,4,12848,1.47,801.0
64,3885,5,4,8,9,10,63,10,4,14873,1.34,357.0
64,3886,4,6,11,13,13,187,10,5,15440,1.84,1610.0
64,3887,4,6,9,8,10,145,10,5,12657,1.46,698.0
64,3888,8,6,11,12,13,145,10,8,12483,1.98,1798.0
64,3889,4,6,8,13,14,145,10,5,13279,1.35,733.0
64,3890,4,8,8,8,13,145,10,5,12737,1.45,914.0
64,3891,5,6,9,13,14,145,10,4,12322,1.53,793.0
64,3892,4,8,8,13,8,63,10,10,14126,1.41,791.0
64,3893,5,8,9,8,12,179,12,4,19666,1.56,870.0
64,3894,4,4,11,10,9,176,11,4,13622,1.59,751.0
64,3895,5,6,11,14,10,145,10,4,12258,1.71,1080.0
64,3896,4,6,10,9,13,145,12,5,12219,1.54,1093.0
64,3897,5,6,9,13,14,145,10,5,12361,1.53,793.0
64,3898,4,5,10,8,13,145,19,4,12145,1.55,1464.0
64,3899,4,6,9,10,13,145,10,9,12610,1.46,796.0
64,3900,4,5,11,14,14,145,10,11,12026,1.83,1472.0
64,3901,4,4,9,10,13,145,12,8,14696,1.37,596.0
64,3902,4,8,11,8,12,179,11,4,11728,1.82,1729.0
64,3903,5,5,10,10,10,145,10,4,12492,1.57,753.0
64,3904,4,4,11,8,12,179,10,11,13631,1.61,793.0
64,3905,5,8,8,10,8,63,15,4,28020,1.47,1153.0
64,3906,5,5,9,9,11,145,10,4,13067,1.51,541.0
64,3907,5,4,8,13,14,63,10,5,14498,1.33,453.0
64,3908,5,5,11,9,10,185,17,11,12471,1.91,1558.0
64,3909,4,5,9,12,14,145,10,4,12607,1.49,816.0
64,3910,5,6,12,8,10,145,10,4,12373,1.95,1189.0
64,3911,4,4,8,12,8,63,10,10,15271,1.32,488.0
64,3912,4,4,8,12,14,179,10,11,15722,1.27,510.0
64,3913,4,8,11,10,8,63,11,4,13144,1.73,1467.0
64,3914,5,5,11,9,10,66,11,8,13291,1.69,726.0
64,3915,4,6,10,8,8,145,15,4,13031,1.53,1215.0
64,3916,5,4,8,9,10,63,10,5,15023,1.34,358.0
64,3917,5,6,8,10,10,66,10,11,14218,1.35,469.0
64,3918,5,4,8,12,8,132,10,4,29702,1.35,422.0
64,3919,4,6,8,10,14,145,10,5,13389,1.41,774.0
64,3920,4,4,11,12,13,187,10,4,15919,1.64,880.0
64,3921,8,4,9,9,13,63,10,9,14978,1.56,1189.0
64,3922,5,6,8,12,14,145,10,5,13085,1.43,603.0
64,3923,4,5,10,12,13,145,10,4,12075,1.55,1011.0
64,3924,4,5,10,10,14,145,13,4,12209,1.56,1128.0
64,3925,5,5,9,12,12,108,10,11,18029,1.51,619.0
64,3926,4,4,9,12,10,112,11,10,14810,1.34,546.0
64,3927,5,5,8,10,8,145,10,4,27824,1.34,403.0
64,3928,5,4,8,10,13,145,10,10,15813,1.33,394.0
64,3929,4,5,10,12,10,145,10,11,12377,1.55,934.0
64,3930,4,5,8,12,8,63,11,10,14973,1.36,542.0
64,3931,4,4,10,10,13,145,10,4,14125,1.45,724.0
64,3932,4,8,8,11,10,135,10,4,22399,1.41,816.0
64,3933,4,8,11,9,12,131,10,11,12100,1.82,1726.0
65,3934,4,4,11,8,10,63,10,8,13134,1.59,728.0
65,3935,5,5,8,9,10,145,11,4,13833,1.37,465.0
65,3936,4,5,11,13,13,179,10,6,15096,1.74,1253.0
65,3937,5,6,8,9,12,145,19,4,13409,1.37,1161.0
65,3938,8,4,8,8,10,63,10,11,30632,1.44,1093.0
65,3939,5,6,11,12,14,145,11,4,14921,1.86,1253.0
65,3940,4,8,12,10,9,72,10,4,12811,1.98,2477.0
65,3941,4,5,8,10,8,63,11,8,14914,1.32,504.0
65,3942,4,8,8,10,13,145,12,11,12801,1.42,956.0
65,3943,4,6,11,13,12,179,10,5,12086,1.83,1560.0
65,3944,4,6,9,8,14,145,10,5,12642,1.47,811.0
65,3945,5,6,11,10,14,145,10,4,15079,1.81,1020.0
65,3946,5,5,8,8,8,145,10,4,27586,1.39,413.0
65,3947,4,4,8,10,12,162,10,11,15637,1.33,487.0
65,3948,5,7,8,10,10,145,10,4,13447,1.42,569.0
65,3949,4,5,11,12,13,145,10,4,14951,1.79,1349.0
65,3950,4,8,9,8,14,179,10,11,12608,1.52,1099.0
65,3951,5,6,8,8,14,102,10,4,13336,1.42,547.0
65,3952,5,6,9,10,14,145,12,6,12606,1.55,814.0
65,3953,8,4,8,10,8,63,11,4,28530,1.42,1200.0
65,3954,5,5,8,10,14,145,11,5,13617,1.43,564.0
65,3955,4,5,11,13,10,145,10,8,11977,1.7,1130.0
65,3956,5,8,8,10,14,63,10,4,13610,1.48,739.0
65,3957,4,8,11,10,14,179,15,4,11692,1.94,2450.0
65,3958,4,4,10,10,10,145,11,4,14626,1.45,712.0
65,3959,4,8,11,12,14,179,11,4,11742,1.91,2186.0
65,3960,4,5,9,12,10,145,10,4,12638,1.43,659.0
65,3961,5,6,9,12,13,145,10,11,12399,1.53,746.0
65,3962,4,5,9,12,14,145,10,11,12648,1.49,818.0
65,3963,5,8,11,12,10,179,10,4,12361,1.88,1442.0
65,3964,4,4,8,12,13,63,10,5,14731,1.27,481.0
65,3965,4,5,10,9,13,145,15,5,12326,1.55,1333.0
65,3966,4,8,11,10,10,145,10,8,12093,1.81,1625.0
65,3967,4,6,10,9,10,145,19,5,12357,1.55,1564.0
65,3968,4,6,8,9,13,145,15,6,13028,1.46,1176.0
65,3969,4,8,11,13,10,145,11,4,11950,1.79,1699.0
65,3970,4,6,8,14,11,145,10,4,13093,1.35,746.0
65,3971,4,5,10,10,13,145,10,11,12105,1.53,891.0
65,3972,6,6,10,10,14,145,10,5,17000,1.63,815.0
65,3973,4,5,10,14,8,174,11,11,13101,1.53,1001.0
65,3974,5,6,9,11,14,145,13,11,12452,1.53,773.0
65,3975,5,5,8,10,10,145,15,4,13829,1.41,653.0
65,3976,4,6,10,8,12,145,10,4,16693,1.53,1007.0
65,3977,4,8,11,10,11,179,10,11,11905,1.82,1688.0
65,3978,4,4,8,12,12,63,15,4,14734,1.35,946.0
65,3979,7,8,8,10,10,178,16,4,29628,1.54,1502.0
65,3980,8,4,11,10,10,112,11,4,31174,1.84,1365.0
65,3981,5,6,8,14,8,145,11,4,29369,1.4,698.0
65,3982,8,7,10,9,11,173,19,4,28547,1.83,3923.0
65,3983,4,6,9,10,9,145,10,11,12875,1.44,692.0
65,3984,5,6,11,10,14,124,10,4,15020,1.81,1017.0
65,3985,4,4,8,10,8,145,11,5,16859,1.26,426.0
65,3986,5,6,8,10,8,102,12,4,29376,1.38,499.0
65,3987,5,4,8,8,14,63,10,4,14610,1.37,417.0
65,3988,4,6,11,13,8,145,10,5,12228,1.64,1242.0
65,3989,4,8,10,10,14,145,11,11,12273,1.68,1688.0
65,3990,4,5,11,10,13,145,10,10,14899,1.74,1069.0
65,3991,8,5,9,12,14,145,13,10,13996,1.61,1672.0
65,3992,5,6,10,11,14,145,10,4,12406,1.64,961.0
66,3993,4,6,8,9,13,145,11,5,12971,1.41,767.0
66,3994,4,6,10,8,13,145,19,6,12039,1.56,1648.0
66,3995,4,5,11,13,12,145,10,5,11984,1.73,1211.0
66,3996,5,8,8,10,13,179,10,4,13423,1.49,733.0
66,3997,5,6,11,11,10,145,10,4,12193,1.73,887.0
66,3998,4,6,9,14,9,145,10,8,12888,1.45,826.0
66,3999,5,5,9,8,11,145,20,5,13119,1.61,1544.0
66,4000,4,4,9,10,11,63,10,4,17524,1.4,533.0
66,4001,4,6,9,10,12,145,13,11,12216,1.45,866.0
66,4002,5,8,11,10,13,179,15,11,11973,1.81,1660.0
66,4003,5,4,11,12,14,63,10,11,15170,1.71,809.0
66,4004,5,6,11,14,10,157,10,4,12284,1.71,1081.0
66,4005,4,7,8,11,14,145,10,10,13385,1.45,888.0
66,4006,4,4,8,9,10,187,10,4,21919,1.29,414.0
66,4007,4,8,11,8,14,145,11,4,11928,1.85,1866.0
66,4008,4,6,11,13,12,179,11,4,12001,1.82,1533.0
66,4009,5,5,11,10,12,145,18,4,12277,1.88,1585.0
66,4010,4,8,8,10,10,179,12,11,22733,1.38,862.0
66,4011,4,6,10,12,10,145,10,10,12194,1.49,997.0
66,4012,5,5,11,13,10,140,10,4,12361,1.74,904.0
66,4013,4,6,10,10,13,145,18,11,12169,1.55,1571.0
66,4014,4,6,8,10,10,63,15,4,19136,1.39,1134.0
66,4015,5,6,9,12,13,145,10,4,12435,1.53,744.0
66,4016,4,5,10,10,14,145,11,11,12238,1.53,930.0
66,4017,4,8,11,10,11,179,12,11,11700,1.82,1737.0
66,4018,4,8,11,12,14,154,10,11,11777,1.85,1921.0
66,4019,4,8,11,10,13,179,12,5,14861,1.83,1857.0
66,4020,4,6,8,12,12,145,10,11,12903,1.39,687.0
66,4021,4,8,8,9,13,179,10,4,12789,1.46,970.0
66,4022,4,4,11,10,14,187,10,11,13072,1.65,869.0
66,4023,8,6,9,13,13,145,14,5,13233,1.66,1985.0
66,4024,4,6,11,13,14,90,11,6,12640,1.82,1614.0
66,4025,4,8,8,13,12,145,10,4,12607,1.41,917.0
66,4026,5,4,8,10,13,145,10,5,15647,1.33,393.0
66,4027,5,6,8,13,14,66,10,4,13976,1.45,640.0
66,4028,4,4,10,10,8,145,10,4,14932,1.43,633.0
66,4029,5,5,9,11,10,145,10,4,12845,1.43,520.0
66,4030,4,5,8,10,8,145,10,8,14948,1.35,508.0
66,4031,5,4,11,10,10,112,11,4,13750,1.61,589.0
66,4032,5,4,8,10,8,66,11,4,29419,1.29,367.0
66,4033,4,6,11,10,14,145,13,11,11734,1.77,1428.0
66,4034,8,6,12,14,14,80,10,12,13326,2.17,2216.0
66,4035,4,6,10,9,14,145,15,10,12095,1.58,1582.0
66,4036,5,6,9,11,13,145,10,5,12503,1.53,715.0
66,4037,4,4,11,13,8,112,10,4,14219,1.58,836.0
66,4038,5,6,8,10,14,145,11,5,13003,1.45,656.0
66,4039,5,6,8,12,10,132,10,4,13315,1.4,531.0
66,4040,5,6,9,8,14,145,10,11,12515,1.51,632.0
66,4041,5,4,10,10,14,63,10,10,13585,1.57,681.0
66,4042,4,8,11,10,10,145,11,4,12052,1.79,1626.0
66,4043,4,5,11,10,14,179,10,8,12136,1.74,1116.0
66,4044,4,4,8,14,8,63,10,10,15465,1.24,515.0
66,4045,4,8,8,10,12,132,10,11,12899,1.42,821.0
66,4046,5,6,11,12,14,179,10,4,15257,1.86,1229.0
66,4047,5,6,11,10,14,157,13,5,15230,1.85,1128.0
67,4048,5,8,8,12,10,176,10,11,13630,1.46,703.0
67,4049,4,4,11,10,10,187,11,8,12921,1.61,786.0
67,4050,5,6,10,8,8,145,15,4,29625,1.57,1124.0
67,4051,4,6,11,11,10,145,11,4,11998,1.69,1184.0
67,4052,4,6,9,11,8,145,11,5,14452,1.42,820.0
67,4053,5,4,8,10,13,63,10,4,14679,1.32,383.0
67,4054,5,5,8,12,13,179,10,4,13254,1.37,500.0
67,4055,4,5,10,12,13,145,10,11,12176,1.55,1013.0
67,4056,4,4,8,9,13,145,11,5,15616,1.34,508.0
67,4057,4,6,10,8,13,187,10,11,12354,1.54,1046.0
67,4058,5,5,11,10,13,179,10,11,12231,1.79,833.0
67,4059,4,6,9,9,14,145,16,11,12673,1.55,1390.0
67,4060,4,6,11,10,12,145,13,5,11901,1.76,1345.0
67,4061,4,6,10,12,13,145,10,11,11951,1.57,1202.0
67,4062,4,6,11,13,14,145,13,4,11818,1.87,1762.0
67,4063,4,5,10,10,14,63,10,10,13227,1.53,911.0
67,4064,4,6,10,12,12,145,10,11,16828,1.57,1168.0
67,4065,4,6,9,11,10,179,12,11,12855,1.45,851.0
67,4066,5,8,11,10,12,145,10,4,12169,1.85,1299.0
67,4067,4,6,12,10,14,145,10,5,13800,1.95,1843.0
67,4068,5,4,8,12,11,63,10,4,18482,1.37,439.0
67,4069,5,4,9,8,14,63,10,4,14343,1.39,422.0
67,4070,5,8,11,8,14,179,10,4,15155,1.88,1363.0
67,4071,5,5,9,8,10,112,10,10,13297,1.48,498.0
67,4072,4,8,11,8,12,63,13,4,12981,1.85,1980.0
67,4073,5,4,9,10,11,179,10,11,14079,1.42,472.0
67,4074,5,6,10,9,14,145,15,5,12439,1.64,1321.0
67,4075,4,6,9,8,13,145,10,11,12526,1.47,790.0
67,4076,4,8,11,10,12,179,11,11,11653,1.82,1750.0
67,4077,4,5,9,10,10,145,15,8,12637,1.51,1097.0
67,4078,4,4,11,9,13,63,15,4,14968,1.67,1264.0
67,4079,4,8,8,10,12,179,10,11,12787,1.42,826.0
67,4080,4,6,10,9,8,109,12,11,13201,1.51,941.0
67,4081,4,6,9,10,12,145,15,5,12599,1.47,1124.0
67,4082,5,5,8,10,13,145,12,10,13950,1.42,515.0
67,4083,4,6,10,12,14,102,10,4,12211,1.58,1235.0
67,4084,4,4,10,10,10,145,10,5,14450,1.45,673.0
67,4085,4,8,11,12,14,145,10,5,11877,1.85,1919.0
67,4086,4,6,8,9,13,102,12,4,12958,1.39,694.0
67,4087,5,6,10,10,14,145,15,5,12325,1.64,1330.0
67,4088,4,6,11,12,10,145,10,4,12007,1.69,1181.0
67,4089,4,6,8,14,12,145,11,11,13082,1.34,792.0
67,4090,5,5,10,10,14,66,10,4,13315,1.62,835.0
67,4091,5,4,8,12,8,145,11,4,29576,1.36,458.0
67,4092,5,8,8,8,8,147,10,4,30680,1.43,576.0
67,4093,4,6,10,10,13,145,11,8,11970,1.57,1192.0
68,4094,4,8,8,8,14,112,10,4,13312,1.45,940.0
68,4095,5,5,11,10,10,179,10,10,12362,1.7,738.0
68,4096,5,6,8,10,10,145,10,11,13204,1.36,479.0
68,4097,4,5,8,12,12,145,10,4,13339,1.37,587.0
68,4098,5,6,8,12,12,145,10,11,13361,1.43,595.0
68,4099,4,6,9,8,8,57,10,11,14478,1.41,685.0
68,4100,4,6,8,12,13,145,10,10,12995,1.39,697.0
68,4101,5,4,8,10,10,66,11,4,14753,1.31,393.0
68,4102,4,4,11,12,8,179,10,12,13943,1.62,800.0
68,4103,5,5,8,8,12,63,10,4,14516,1.36,435.0
68,4104,4,6,8,8,12,145,11,11,13261,1.39,670.0
68,4105,4,8,11,14,14,179,10,10,11552,1.88,2055.0
68,4106,4,4,8,8,10,63,10,4,19739,1.28,418.0
68,4107,4,7,11,9,10,146,11,8,12208,1.75,1389.0
68,4108,4,6,11,13,10,145,15,8,11923,1.7,1591.0
68,4109,4,8,8,10,12,145,10,11,12796,1.42,822.0
68,4110,4,5,11,8,14,179,10,4,12088,1.77,1108.0
68,4111,4,4,8,12,8,63,10,4,15228,1.32,485.0
68,4112,5,6,9,9,14,145,15,5,12616,1.52,881.0
68,4113,4,4,12,8,13,130,10,11,14028,1.78,1139.0
68,4114,5,6,8,12,14,63,19,6,13989,1.38,1233.0
68,4115,5,6,9,8,13,145,10,11,12360,1.5,623.0
68,4116,5,6,9,11,14,145,10,5,12360,1.53,727.0
68,4117,4,8,12,10,14,179,12,4,13707,2.06,2602.0
68,4118,5,6,11,11,10,145,10,11,12427,1.73,890.0
68,4119,4,4,11,12,8,179,11,11,14069,1.58,781.0
68,4120,5,4,8,8,8,63,10,8,31342,1.28,337.0
68,4121,4,8,8,13,13,63,10,10,13319,1.41,934.0
68,4122,4,4,8,8,8,122,10,5,16896,1.25,391.0
68,4123,4,8,11,10,14,179,12,5,11673,1.84,1911.0
68,4124,4,5,9,11,14,145,11,11,12623,1.48,837.0
68,4125,8,6,8,9,9,145,15,4,29696,1.5,1819.0
68,4126,4,6,11,13,9,145,11,5,12096,1.67,1277.0
68,4127,4,4,8,9,11,187,10,11,14740,1.3,427.0
68,4128,4,8,8,10,13,179,10,11,12789,1.43,861.0
68,4129,4,6,11,14,12,145,19,4,11769,1.85,2115.0
68,4130,5,6,10,12,8,66,11,10,29511,1.54,757.0
68,4131,4,8,11,13,13,145,11,5,14700,1.83,1879.0
68,4132,4,6,8,9,12,179,10,7,13492,1.39,637.0
68,4133,4,8,8,8,8,63,15,4,14399,1.43,1318.0
68,4134,5,4,11,10,12,179,10,11,13486,1.66,638.0
68,4135,4,5,11,10,8,63,11,8,13229,1.62,893.0
68,4136,4,5,9,10,14,158,12,8,12552,1.46,802.0
68,4137,4,8,11,10,10,179,10,11,11785,1.81,1629.0
68,4138,4,6,10,13,12,145,12,4,16705,1.53,1218.0
68,4139,4,8,10,9,12,145,15,5,16860,1.65,1747.0
68,4140,4,6,11,10,13,194,10,11,15401,1.77,1319.0
68,4141,4,6,11,13,8,145,10,4,12226,1.64,1242.0
68,4142,5,4,8,8,14,63,10,5,14579,1.37,416.0
68,4143,6,4,11,10,14,179,10,11,13728,1.72,663.0
68,4144,4,6,10,8,13,145,11,8,11993,1.53,1052.0
68,4145,5,4,8,9,13,66,10,4,14547,1.33,386.0
68,4146,4,6,8,10,8,145,19,6,14760,1.38,1063.0
69,4147,4,4,9,10,8,145,11,4,16671,1.34,509.0
69,4148,5,6,8,10,13,66,11,11,13928,1.42,610.0
69,4149,4,5,10,10,13,145,15,5,12080,1.55,1356.0
69,4150,4,5,8,12,10,145,10,10,21970,1.31,531.0
69,4151,4,8,11,8,13,179,11,11,14991,1.84,1796.0
69,4152,4,6,9,12,14,145,10,4,12587,1.45,868.0
69,4153,5,5,9,12,13,190,11,4,12636,1.49,601.0
69,4154,4,5,10,10,10,145,10,10,12383,1.52,818.0
69,4155,4,8,11,10,10,112,10,10,12221,1.81,1623.0
69,4156,5,5,9,12,12,179,12,11,19224,1.48,629.0
69,4157,4,8,11,13,10,179,10,4,11724,1.81,1703.0
69,4158,4,5,11,9,13,145,11,6,14687,1.73,1074.0
69,4159,5,4,8,8,8,66,11,4,30936,1.28,359.0
69,4160,5,6,9,12,10,179,10,4,12923,1.44,621.0
69,4161,4,8,11,11,14,145,10,11,11820,1.9,2136.0
69,4162,5,5,12,10,13,197,10,11,12012,1.93,1096.0
69,4163,4,4,11,13,13,145,11,4,16274,1.67,1032.0
69,4164,4,4,8,12,10,63,10,4,19359,1.33,517.0
69,4165,4,6,10,9,13,145,15,11,12095,1.56,1544.0
69,4166,4,6,8,13,12,145,10,11,12982,1.35,699.0
69,4167,4,8,10,10,14,145,15,5,12125,1.69,1870.0
69,4168,4,6,11,9,13,179,10,4,15200,1.77,1299.0
69,4169,5,6,8,9,14,145,19,6,13189,1.37,1190.0
69,4170,4,6,9,13,14,145,13,11,12484,1.47,1088.0
69,4171,4,8,11,13,11,145,12,4,11949,1.83,1818.0
69,4172,5,4,8,13,8,63,10,4,29571,1.29,444.0
69,4173,4,6,11,8,14,145,10,5,11948,1.78,1331.0
69,4174,5,4,8,8,8,63,10,5,31198,1.28,337.0
69,4175,4,8,8,13,13,145,11,5,12615,1.45,1044.0
69,4176,5,6,8,8,8,145,11,10,30159,1.39,526.0
69,4177,4,8,8,12,8,63,10,4,14417,1.41,799.0
69,4178,4,4,11,8,14,179,10,11,13438,1.63,843.0
69,4179,5,6,9,10,14,145,10,11,12586,1.55,762.0
69,4180,4,6,10,12,13,145,13,10,11948,1.63,1431.0
69,4181,4,6,9,8,10,145,10,4,12612,1.46,698.0
69,4182,5,6,10,10,13,145,15,11,16798,1.63,1309.0
69,4183,5,4,11,9,10,63,10,4,13514,1.61,569.0
69,4184,4,6,8,13,10,145,11,4,21925,1.4,732.0
69,4185,5,4,8,10,8,66,11,11,30793,1.29,369.0
69,4186,4,8,12,10,12,179,17,7,11769,1.98,3426.0
69,4187,4,5,11,12,13,179,10,10,15088,1.79,1357.0
69,4188,5,4,10,10,8,66,11,4,30253,1.47,527.0
69,4189,4,5,8,12,13,145,10,10,13209,1.37,604.0
69,4190,5,5,10,10,12,145,10,5,12453,1.6,799.0
69,4191,4,6,11,8,13,179,11,4,15431,1.77,1312.0
69,4192,4,5,11,13,14,145,11,5,11919,1.8,1330.0
69,4193,4,5,11,13,14,145,19,5,12028,1.85,2012.0
69,4194,4,5,11,10,14,102,12,4,12555,1.77,1337.0
69,4195,4,8,9,10,10,70,20,8,13233,1.56,1766.0
70,4196,7,8,11,12,14,145,10,11,12125,1.99,1512.0
70,4197,4,6,11,13,14,179,10,5,11993,1.84,1650.0
70,4198,4,8,10,13,14,145,10,5,12071,1.68,1713.0
70,4199,4,6,8,13,13,145,19,5,12589,1.41,1267.0
70,4200,4,4,8,12,12,145,10,11,15786,1.27,482.0
70,4201,5,6,9,10,10,145,10,11,12745,1.49,643.0
70,4202,4,5,11,8,13,145,10,8,14666,1.76,1073.0
70,4203,4,7,10,9,13,127,13,6,12146,1.59,1417.0
70,4204,4,6,8,9,13,187,10,11,13662,1.35,622.0
70,4205,4,4,10,12,10,145,10,10,14489,1.43,714.0
70,4206,4,4,8,10,8,176,10,4,17313,1.27,415.0
70,4207,5,4,8,10,10,63,11,4,14942,1.31,393.0
70,4208,5,5,9,10,13,145,13,11,12700,1.51,648.0
70,4209,4,8,11,12,12,179,13,11,11713,1.88,2084.0
70,4210,4,4,8,9,10,63,15,4,19666,1.26,624.0
70,4211,5,5,10,13,14,145,10,4,12341,1.62,871.0
70,4212,4,6,11,12,14,145,11,4,11824,1.77,1408.0
70,4213,4,5,8,10,14,63,10,4,14035,1.38,622.0
70,4214,4,5,9,10,10,145,11,8,12699,1.42,632.0
70,4215,4,5,11,10,12,145,13,11,11956,1.75,1149.0
70,4216,5,6,8,8,8,145,11,4,29885,1.39,523.0
70,4217,4,8,11,8,12,145,15,11,12063,1.77,2002.0
70,4218,5,6,9,10,13,179,10,11,12782,1.55,748.0
70,4219,4,6,8,12,13,145,15,5,12891,1.46,1224.0
70,4220,4,4,11,9,14,145,19,5,13889,1.67,1516.0
70,4221,4,6,8,13,13,145,10,6,13009,1.35,715.0
70,4222,4,6,10,10,13,179,10,11,12204,1.54,1069.0
70,4223,5,5,11,10,13,145,20,11,12170,2.0,2124.0
70,4224,5,5,8,13,9,145,10,11,14483,1.35,491.0
70,4225,5,6,8,14,14,145,10,5,12950,1.43,655.0
70,4226,4,7,11,13,10,145,20,10,12101,1.79,2532.0
70,4227,5,8,11,10,14,145,10,11,14836,1.88,1387.0
70,4228,4,5,8,12,10,179,10,4,21701,1.31,533.0
70,4229,5,6,9,8,13,145,10,10,12607,1.5,623.0
70,4230,4,5,11,10,13,179,15,11,14942,1.76,1382.0
70,4231,5,6,10,9,10,145,10,5,12373,1.57,781.0
70,4232,5,8,8,8,8,63,10,4,27783,1.42,565.0
70,4233,4,8,9,10,12,145,13,4,12482,1.55,1273.0
70,4234,4,6,11,9,10,145,15,5,11885,1.69,1507.0
70,4235,4,5,10,8,10,145,11,8,12446,1.51,814.0
70,4236,5,4,9,10,8,66,14,4,30178,1.38,696.0
70,4237,4,6,11,13,10,179,10,4,12202,1.68,1340.0
70,4238,5,8,11,12,12,145,10,4,11984,1.9,1529.0
70,4239,4,5,11,10,10,85,15,10,13113,1.75,1320.0
70,4240,5,4,8,8,8,63,19,4,30632,1.34,932.0
70,4241,5,5,8,9,12,145,10,11,13742,1.36,429.0
71,4242,4,8,8,13,10,179,10,4,22757,1.38,847.0
71,4243,5,7,11,9,14,63,10,4,14941,1.84,1180.0
71,4244,4,6,10,10,12,145,11,10,16729,1.57,1159.0
71,4245,5,5,10,12,13,145,10,4,16627,1.59,795.0
71,4246,4,8,11,9,13,145,19,11,14721,1.95,2811.0
71,4247,4,6,8,10,12,179,15,7,13647,1.46,1159.0
71,4248,4,5,11,10,13,179,11,11,15168,1.73,1093.0
71,4249,5,5,11,10,8,63,10,4,28906,1.66,689.0
71,4250,4,4,9,8,8,63,10,11,14958,1.34,477.0
71,4251,4,5,9,10,12,179,10,11,12954,1.47,776.0
71,4252,4,8,11,12,14,145,13,11,11809,1.93,2261.0
71,4253,4,8,11,10,13,179,10,11,14954,1.83,1810.0
71,4254,4,6,8,13,12,145,12,5,13006,1.39,771.0
71,4255,5,8,8,10,10,145,10,4,13333,1.46,653.0
71,4256,4,4,8,13,13,63,11,4,14527,1.34,590.0
71,4257,4,6,11,9,10,145,10,4,11943,1.68,1119.0
71,4258,5,6,8,10,13,145,10,4,13334,1.42,555.0
71,4259,4,4,8,9,8,66,19,6,15543,1.32,888.0
71,4260,4,4,11,11,10,63,18,4,13122,1.62,1313.0
71,4261,6,4,8,10,10,145,10,4,16175,1.33,410.0
71,4262,4,6,9,10,14,145,11,4,12613,1.47,827.0
71,4263,4,8,10,10,14,145,10,5,12183,1.64,1511.0
71,4264,4,6,11,9,13,179,15,4,15529,1.83,1748.0
71,4265,4,4,8,10,13,66,14,7,14828,1.35,723.0
71,4266,4,8,8,8,13,145,11,5,12753,1.46,933.0
71,4267,4,6,10,13,13,78,10,5,12850,1.57,1243.0
71,4268,5,4,8,12,14,63,20,4,14591,1.39,1443.0
71,4269,4,6,11,8,14,145,10,11,11959,1.78,1333.0
71,4270,4,5,8,13,12,145,10,5,13430,1.41,664.0
71,4271,4,8,8,10,12,145,10,4,13111,1.42,820.0
71,4272,4,8,11,13,11,179,15,11,11655,1.76,2054.0
71,4273,4,8,11,13,10,179,10,8,11798,1.81,1704.0
71,4274,4,5,12,10,8,145,18,4,14043,1.93,2329.0
71,4275,5,4,8,9,13,145,10,4,15884,1.34,396.0
71,4276,4,5,8,12,10,63,10,5,19382,1.31,518.0
71,4277,5,4,9,8,13,145,13,11,14817,1.45,615.0
71,4278,5,6,8,10,8,63,10,4,29364,1.34,454.0
71,4279,4,4,11,10,9,198,15,11,13407,1.62,1182.0
71,4280,4,6,8,12,13,187,10,10,13611,1.39,702.0
71,4281,4,4,10,12,14,145,10,4,14012,1.5,846.0
71,4282,4,6,11,13,13,145,10,11,14737,1.83,1606.0
71,4283,5,6,9,8,10,145,11,4,12872,1.51,611.0
71,4284,4,8,11,12,12,145,10,11,11995,1.83,1791.0
71,4285,4,6,8,12,14,179,10,11,13872,1.38,702.0
71,4286,4,5,8,10,10,63,10,10,19218,1.33,514.0
71,4287,5,6,8,10,8,66,10,5,29206,1.34,455.0
72,4288,5,6,8,8,13,145,10,4,13353,1.42,540.0
72,4289,4,4,11,8,8,63,10,5,13391,1.56,674.0
72,4290,4,6,8,13,14,145,10,4,13437,1.35,733.0
72,4291,4,4,8,8,11,179,15,10,15750,1.29,607.0
72,4292,4,8,11,13,8,63,10,11,13039,1.78,1587.0
72,4293,5,4,9,12,12,145,13,4,19767,1.45,575.0
72,4294,4,5,12,10,14,63,12,11,14134,1.89,1552.0
72,4295,5,4,9,13,10,143,14,4,14529,1.42,598.0
72,4296,4,5,10,13,13,145,11,4,12111,1.57,1074.0
72,4297,4,8,8,10,11,145,10,10,13040,1.42,770.0
72,4298,4,8,11,12,14,145,15,11,11855,1.93,2377.0
72,4299,4,6,10,9,13,179,10,5,12301,1.54,1050.0
72,4300,5,5,8,10,10,179,10,11,13847,1.35,425.0
72,4301,5,4,9,10,8,145,13,11,30791,1.41,549.0
72,4302,7,5,8,8,12,144,10,4,15156,1.51,707.0
72,4303,4,4,8,10,10,165,11,10,23125,1.32,475.0
72,4304,4,5,9,8,8,145,10,8,14591,1.41,650.0
72,4305,4,6,11,13,14,145,19,5,11644,1.86,2217.0
72,4306,5,5,11,10,14,145,10,11,14959,1.79,857.0
72,4307,4,4,10,8,8,145,10,4,14900,1.44,620.0
72,4308,6,5,8,10,14,145,10,11,14112,1.46,534.0
72,4309,4,8,11,12,14,145,11,10,11917,1.91,2182.0
72,4310,5,6,9,11,12,145,10,11,19029,1.47,644.0
72,4311,4,5,8,12,10,145,10,4,21586,1.31,529.0
72,4312,4,4,8,8,14,145,10,4,16139,1.34,503.0
72,4313,4,5,11,10,8,63,10,11,13054,1.63,872.0
72,4314,4,5,10,10,10,145,10,8,12492,1.52,818.0
72,4315,4,8,10,14,10,187,10,11,12077,1.61,1610.0
72,4316,5,5,9,9,13,145,10,4,12678,1.52,583.0
72,4317,4,5,8,9,13,145,13,11,13415,1.38,724.0
72,4318,4,8,10,10,14,179,10,5,12003,1.64,1515.0
72,4319,4,6,9,8,13,145,10,5,12510,1.47,788.0
72,4320,4,4,8,13,10,66,11,4,19352,1.32,530.0
72,4321,5,6,11,10,10,145,11,4,12362,1.71,873.0
72,4322,8,4,8,9,12,66,16,12,15933,1.47,1703.0
72,4323,4,6,8,12,10,145,10,5,21933,1.37,625.0
72,4324,4,8,11,13,11,145,15,11,12019,1.76,2049.0
72,4325,4,8,8,13,11,179,10,4,12793,1.41,873.0
72,4326,5,6,11,10,13,145,13,11,12091,1.85,1099.0
72,4327,4,5,11,10,10,145,11,5,12006,1.65,970.0
72,4328,4,6,11,13,14,145,10,8,11801,1.84,1645.0
72,4329,5,4,8,10,14,145,11,4,15236,1.37,453.0
72,4330,5,5,8,13,8,66,10,5,29573,1.42,537.0
72,4331,5,7,11,10,13,145,10,11,12017,1.82,1162.0
72,4332,4,5,11,14,10,179,11,4,12003,1.75,1261.0
72,4333,4,6,9,10,12,179,11,11,12729,1.48,826.0
72,4334,4,5,11,13,10,179,11,4,12060,1.71,1169.0
72,4335,4,5,8,13,14,145,10,12,13834,1.41,700.0
72,4336,5,4,8,8,8,111,10,4,30683,1.28,342.0
73,4337,5,5,11,10,12,179,10,11,12234,1.78,811.0
73,4338,4,8,11,10,13,194,18,11,15206,2.02,3149.0
73,4339,4,4,8,8,13,145,11,4,15687,1.32,486.0
73,4340,8,6,9,10,8,143,11,5,27068,1.57,1509.0
73,4341,4,6,8,13,10,145,10,5,21828,1.33,643.0
73,4342,4,7,8,10,12,145,10,11,13143,1.42,848.0
73,4343,5,4,8,10,10,145,10,10,15650,1.32,361.0
73,4344,4,5,10,10,12,145,11,4,16507,1.51,883.0
73,4345,4,8,8,10,14,167,14,4,13187,1.45,1194.0
73,4346,4,5,11,10,14,106,10,11,12309,1.73,1108.0
73,4347,4,6,11,14,10,145,10,5,11941,1.79,1528.0
73,4348,4,8,9,10,13,145,19,6,12646,1.55,1788.0
73,4349,4,6,11,9,14,145,17,5,11955,1.79,1986.0
73,4350,4,6,11,14,12,145,15,10,11741,1.81,1847.0
73,4351,5,5,10,12,13,63,10,4,15563,1.59,782.0
73,4352,4,8,11,8,8,63,10,10,13173,1.72,1424.0
73,4353,4,4,8,13,10,179,10,4,22568,1.35,547.0
73,4354,5,5,9,9,8,145,10,4,27879,1.4,494.0
73,4355,6,4,8,8,13,145,10,5,15282,1.41,448.0
73,4356,4,8,11,12,8,66,11,4,12953,1.7,1611.0
73,4357,6,4,8,10,14,179,13,12,15024,1.36,529.0
73,4358,5,5,8,8,14,145,10,4,13569,1.38,466.0
73,4359,4,4,10,10,8,63,10,4,13933,1.42,623.0
73,4360,4,4,10,10,13,145,11,10,14218,1.49,788.0
73,4361,4,8,10,9,13,179,15,5,12312,1.67,1800.0
73,4362,4,8,9,12,14,63,10,4,13128,1.56,1281.0
73,4363,5,4,11,8,11,179,10,11,13629,1.63,599.0
73,4364,4,5,11,10,10,179,11,8,12214,1.65,975.0
73,4365,4,8,9,10,14,145,10,4,12506,1.53,1114.0
73,4366,4,8,9,9,14,145,10,5,12587,1.52,1098.0
73,4367,4,5,8,10,12,145,13,11,13355,1.39,736.0
73,4368,5,5,9,13,14,145,10,5,12637,1.52,677.0
73,4369,4,8,11,10,10,179,10,4,11850,1.81,1627.0
73,4370,6,6,10,10,14,145,15,4,16984,1.66,1271.0
73,4371,4,6,10,13,14,145,15,5,12011,1.6,1469.0
73,4372,4,6,10,9,13,145,19,5,12018,1.56,1655.0
73,4373,4,6,11,13,10,145,11,8,11779,1.68,1322.0
73,4374,5,4,8,13,14,145,10,4,15398,1.33,462.0
73,4375,5,5,8,10,8,66,19,5,29311,1.4,1010.0
73,4376,5,5,9,10,8,66,15,11,29658,1.51,949.0
73,4377,4,4,8,10,12,145,10,4,15657,1.33,483.0
73,4378,4,5,8,10,11,179,15,11,13645,1.42,984.0
73,4379,5,4,11,13,10,171,10,4,13749,1.73,783.0
73,4380,6,6,10,12,10,88,16,10,13056,1.63,1574.0
73,4381,5,6,9,13,11,112,10,10,12643,1.49,724.0
73,4382,4,8,8,11,11,145,10,4,12931,1.43,836.0
73,4383,5,6,11,12,14,63,11,4,14741,1.85,1243.0
73,4384,5,4,8,13,8,162,10,5,30190,1.3,456.0
73,4385,4,6,8,8,13,145,10,4,13306,1.41,721.0
73,4386,5,4,8,10,8,63,12,4,29511,1.33,419.0
73,4387,4,6,8,10,14,63,10,5,14029,1.41,762.0
73,4388,4,4,11,10,8,54,10,4,13381,1.56,699.0
73,4389,4,4,8,8,13,63,10,5,14755,1.33,480.0
73,4390,5,8,8,13,11,153,10,10,20966,1.47,764.0
73,4391,5,5,12,10,10,145,15,4,12528,1.93,1425.0
73,4392,4,7,11,10,12,145,10,11,11959,1.79,1502.0
73,4393,4,8,11,14,14,194,10,10,11612,1.88,2057.0
73,4394,4,5,10,12,14,145,20,4,12203,1.55,1911.0
73,4395,5,6,11,13,14,145,10,4,15009,1.85,1122.0
73,4396,5,6,8,12,8,145,10,4,29808,1.4,522.0
73,4397,5,7,11,10,13,179,10,11,12333,1.82,1166.0
74,4398,5,4,8,14,10,145,11,4,15681,1.32,482.0
74,4399,8,6,8,10,13,66,13,8,14129,1.54,1631.0
74,4400,4,6,9,10,14,145,10,4,12503,1.47,807.0
74,4401,5,8,11,8,13,179,10,11,12199,1.86,1319.0
74,4402,4,8,11,13,14,179,10,4,11634,1.86,1954.0
74,4403,4,8,11,10,12,145,15,5,11855,1.77,2020.0
74,4404,4,6,11,10,14,184,10,11,12139,1.78,1355.0
74,4405,4,8,10,13,11,145,10,11,12186,1.62,1528.0
74,4406,4,4,8,8,8,66,10,4,15403,1.24,384.0
74,4407,5,6,11,8,11,63,10,10,13143,1.79,907.0
74,4408,4,4,11,9,10,179,10,4,13684,1.59,736.0
74,4409,4,4,9,8,13,63,10,10,13782,1.34,502.0
74,4410,5,6,8,8,8,145,10,11,29906,1.4,478.0
74,4411,5,7,11,9,13,145,15,5,12263,1.95,1664.0
74,4412,4,4,10,10,8,66,10,4,13974,1.42,623.0
74,4413,4,7,11,10,9,129,10,8,12190,1.77,1348.0
74,4414,4,6,11,8,13,145,10,11,15024,1.77,1295.0
74,4415,4,5,8,8,12,145,10,4,13543,1.33,504.0
74,4416,5,5,8,8,14,145,10,11,13492,1.38,469.0
74,4417,5,8,11,10,13,179,12,11,12077,1.87,1382.0
74,4418,4,5,11,10,12,179,10,11,11978,1.73,1047.0
74,4419,6,6,8,13,8,145,11,5,28927,1.47,666.0
74,4420,4,4,8,10,13,66,10,5,14805,1.32,486.0
74,4421,4,8,9,13,13,145,10,5,12562,1.49,1116.0
74,4422,4,5,8,10,13,145,13,11,13243,1.39,753.0
74,4423,5,5,8,12,14,63,10,8,14030,1.41,513.0
74,4424,4,4,10,12,13,145,15,5,14241,1.48,1167.0
74,4425,4,6,10,12,14,145,10,4,11863,1.59,1240.0
74,4426,5,5,11,13,10,145,11,8,12407,1.74,918.0
74,4427,4,5,10,10,14,145,11,6,12175,1.53,928.0
74,4428,4,8,11,9,13,63,10,11,14764,1.82,1781.0
74,4429,4,4,12,13,11,184,15,4,13092,1.91,1652.0
74,4430,4,5,11,12,12,179,10,11,12004,1.78,1316.0
74,4431,5,8,11,10,14,179,10,6,14871,1.88,1390.0
74,4432,4,5,11,10,10,179,15,11,12117,1.75,1329.0
74,4433,4,8,9,10,12,145,11,8,12506,1.54,1168.0
74,4434,6,6,10,14,10,145,14,7,13016,1.72,1224.0
74,4435,6,8,11,12,14,179,10,11,12171,1.94,1345.0
74,4436,5,4,8,10,14,145,10,4,15377,1.33,401.0
74,4437,5,4,8,8,8,164,14,11,31423,1.3,574.0
74,4438,5,4,8,8,10,63,10,4,14814,1.31,355.0
74,4439,4,8,11,13,8,179,10,4,12440,1.79,1598.0
74,4440,4,8,11,13,13,179,10,4,14879,1.84,1875.0
74,4441,4,4,8,9,11,63,15,11,14710,1.27,633.0
74,4442,4,5,8,13,14,145,11,4,13780,1.39,686.0
74,4443,4,6,10,10,14,102,12,4,12270,1.54,1125.0
74,4444,5,6,8,10,13,145,11,10,13414,1.43,619.0
75,4445,4,5,11,9,13,145,10,11,14946,1.73,1059.0
75,4446,5,6,10,10,13,179,15,5,17286,1.64,1313.0
75,4447,4,8,11,10,10,179,15,4,11912,1.75,1927.0
75,4448,4,6,11,13,10,179,11,4,12103,1.68,1326.0
75,4449,4,5,8,10,8,145,13,11,14893,1.32,547.0
75,4450,4,4,9,10,12,63,11,4,13658,1.34,515.0
75,4451,4,6,11,12,14,179,15,11,11970,1.84,1830.0
75,4452,4,8,10,9,13,145,10,5,12201,1.61,1440.0
75,4453,5,6,8,8,10,63,10,4,14291,1.41,485.0
75,4454,5,6,9,8,13,145,10,4,12448,1.5,621.0
75,4455,5,6,9,11,10,145,10,11,12692,1.44,591.0
75,4456,4,6,11,10,9,145,10,10,12102,1.67,1106.0
75,4457,4,5,10,10,13,66,19,6,13229,1.54,1462.0
75,4458,4,6,11,9,10,145,11,8,11869,1.69,1149.0
75,4459,4,8,9,13,9,145,10,11,12938,1.47,999.0
75,4460,5,7,11,10,12,179,14,11,12450,1.81,1276.0
75,4461,4,6,8,10,12,50,19,11,14203,1.32,1176.0
75,4462,4,8,11,9,13,179,15,6,14862,1.94,2387.0
75,4463,5,6,8,10,10,70,10,4,14228,1.35,468.0
75,4464,4,6,11,12,10,145,10,10,11848,1.69,1183.0
75,4465,5,4,11,13,8,179,10,4,30032,1.7,758.0
75,4466,4,8,8,10,11,66,15,11,13561,1.5,1398.0
75,4467,6,6,9,11,10,145,11,5,14154,1.52,691.0
75,4468,4,5,11,14,14,145,10,4,11789,1.83,1470.0
75,4469,4,4,8,10,8,145,11,4,17184,1.26,426.0
75,4470,4,6,11,13,10,63,11,8,12807,1.67,1313.0
75,4471,7,4,11,13,13,187,10,11,13827,1.8,1044.0
75,4472,4,8,8,9,10,179,10,4,23075,1.41,801.0
75,4473,4,4,11,13,14,63,10,10,13031,1.68,1026.0
75,4474,5,4,10,10,14,66,10,4,13361,1.57,679.0
75,4475,4,5,11,10,14,63,10,11,13053,1.73,1105.0
75,4476,4,8,11,13,11,179,15,4,11654,1.76,2053.0
75,4477,4,6,9,12,13,145,11,11,12326,1.45,865.0
75,4478,4,6,10,10,8,63,10,11,13327,1.49,880.0
75,4479,5,4,8,8,13,145,10,4,15716,1.36,405.0
75,4480,4,8,8,12,12,145,10,5,12535,1.43,927.0
75,4481,4,8,11,12,8,179,10,11,12259,1.79,1575.0
75,4482,5,7,8,13,14,145,10,4,13227,1.47,743.0
75,4483,4,6,8,10,11,102,12,4,13127,1.35,644.0
75,4484,7,5,10,10,14,62,10,4,13796,1.72,963.0
75,4485,4,5,11,10,14,188,16,7,11979,1.8,1628.0
75,4486,4,6,8,12,12,63,10,11,13931,1.38,677.0
75,4487,4,6,10,12,13,145,10,5,12161,1.57,1201.0
75,4488,4,5,8,9,13,145,15,5,13387,1.43,1015.0
75,4489,5,6,10,12,13,145,10,4,16742,1.63,966.0
75,4490,4,4,9,10,12,145,11,4,14815,1.35,526.0
75,4491,4,6,8,8,13,63,10,4,13874,1.4,710.0
76,4492,4,8,8,10,13,145,10,5,12868,1.43,855.0
76,4493,5,8,11,10,14,123,10,4,14691,1.88,1382.0
76,4494,4,6,11,8,13,145,11,4,14843,1.77,1308.0
76,4495,5,6,8,13,14,145,10,4,13172,1.45,649.0
76,4496,4,4,11,12,13,120,10,4,16758,1.64,872.0
76,4497,4,5,8,12,14,145,10,11,13732,1.37,621.0
76,4498,5,4,8,10,8,66,19,4,30091,1.35,949.0
76,4499,5,4,9,8,13,63,10,4,14035,1.39,412.0
76,4500,5,8,8,10,12,63,15,4,13676,1.56,1221.0
76,4501,4,4,11,8,8,179,11,11,14203,1.58,730.0
76,4502,4,6,9,10,13,145,13,11,12542,1.45,888.0
76,4503,4,5,10,13,12,145,11,5,16599,1.56,1047.0
76,4504,4,6,11,12,10,179,10,11,12107,1.69,1187.0
76,4505,4,8,10,12,14,145,10,10,12125,1.63,1546.0
76,4506,4,8,11,8,12,179,10,11,11705,1.82,1711.0
76,4507,4,5,11,10,14,63,10,4,12788,1.73,1102.0
76,4508,4,4,8,8,8,145,10,11,17073,1.25,396.0
76,4509,4,5,11,10,12,145,11,8,12053,1.72,1053.0
76,4510,4,8,11,10,10,179,15,11,12030,1.75,1927.0
76,4511,4,8,11,10,11,179,15,7,11826,1.76,1971.0
76,4512,5,6,8,10,11,102,12,4,19753,1.4,533.0
76,4513,5,6,11,10,10,179,19,5,12591,1.78,1594.0
76,4514,4,8,8,13,10,145,10,4,22459,1.38,842.0
76,4515,4,8,8,13,11,63,10,4,13497,1.4,859.0
76,4516,4,6,9,8,12,145,10,4,12572,1.47,765.0
76,4517,5,8,8,12,13,145,10,5,13169,1.48,773.0
76,4518,4,6,12,13,14,145,10,5,13986,1.95,1922.0
76,4519,5,5,11,10,14,145,10,5,14986,1.79,856.0
76,4520,5,6,10,9,13,145,15,4,16769,1.63,1301.0
76,4521,4,6,8,8,13,63,10,5,14164,1.4,710.0
76,4522,4,6,9,10,12,145,10,11,12653,1.46,774.0
76,4523,4,5,11,13,14,145,13,5,11923,1.79,1471.0
76,4524,4,6,8,10,10,66,11,8,19153,1.33,619.0
76,4525,8,4,11,13,8,145,11,9,27626,1.72,1546.0
76,4526,4,6,11,10,10,136,10,5,12220,1.69,1144.0
76,4527,4,6,10,13,14,145,10,10,12056,1.59,1294.0
76,4528,4,5,10,10,13,145,19,5,12099,1.55,1469.0
76,4529,4,6,10,12,10,145,10,4,12141,1.49,995.0
76,4530,5,6,11,10,13,179,10,11,12400,1.81,993.0
76,4531,4,5,11,10,12,194,10,4,12152,1.74,1047.0
76,4532,4,8,10,10,14,194,10,11,12158,1.64,1519.0
76,4533,4,6,9,11,14,145,10,10,12623,1.51,946.0
76,4534,4,5,8,8,13,145,11,8,13157,1.37,589.0
76,4535,4,4,11,12,10,187,10,4,13081,1.6,793.0
76,4536,4,4,11,8,8,63,15,10,13389,1.59,1104.0
77,4537,4,7,10,10,10,145,17,4,12387,1.71,2288.0
77,4538,4,5,8,10,12,145,13,4,13379,1.39,734.0
77,4539,4,5,10,12,10,145,10,4,12335,1.55,932.0
77,4540,4,6,11,12,14,63,10,10,12731,1.77,1377.0
77,4541,5,4,8,12,10,145,10,4,15728,1.37,437.0
77,4542,4,5,9,10,14,63,11,4,13450,1.48,766.0
77,4543,5,5,11,12,14,145,10,5,14883,1.84,1037.0
77,4544,4,5,8,9,13,145,10,10,13391,1.38,572.0
77,4545,4,4,10,10,13,186,10,11,13056,1.46,731.0
77,4546,4,6,10,10,12,179,12,11,16954,1.54,1069.0
77,4547,4,7,8,12,8,145,11,6,14854,1.38,710.0
77,4548,5,4,11,8,10,63,10,10,13483,1.62,568.0
77,4549,5,6,9,8,13,63,11,4,13576,1.52,651.0
77,4550,4,8,8,12,14,145,10,4,12931,1.45,1011.0
77,4551,5,5,10,13,11,145,10,4,12711,1.54,768.0
77,4552,5,4,8,10,14,179,11,4,15080,1.37,456.0
77,4553,4,8,11,8,8,63,10,4,13212,1.72,1423.0
77,4554,4,4,8,10,11,102,12,4,15137,1.32,492.0
77,4555,5,6,8,10,8,66,11,4,29316,1.38,532.0
77,4556,4,5,11,10,11,145,10,11,12020,1.73,1011.0
77,4557,4,8,8,8,11,63,15,4,13570,1.5,1377.0
77,4558,5,5,11,10,14,179,10,11,15724,1.79,862.0
77,4559,4,4,8,10,13,177,10,4,15429,1.33,500.0
77,4560,6,4,8,12,8,187,10,4,29562,1.34,484.0
77,4561,4,6,11,12,10,145,10,5,11920,1.69,1181.0
77,4562,5,6,11,12,10,145,10,10,12352,1.79,1079.0
77,4563,4,8,8,12,8,179,10,11,14333,1.42,816.0
77,4564,4,6,9,10,12,145,11,11,12701,1.48,822.0
77,4565,4,6,8,12,13,145,10,11,13029,1.39,697.0
77,4566,4,4,11,10,8,179,10,11,14129,1.58,717.0
77,4567,5,8,8,12,14,66,11,4,13858,1.45,748.0
77,4568,4,4,8,8,14,53,16,7,14856,1.27,698.0
77,4569,5,6,10,13,13,159,10,4,16888,1.57,953.0
77,4570,4,6,11,9,13,145,15,5,14734,1.83,1743.0
77,4571,5,5,10,10,13,179,10,11,17139,1.61,833.0
77,4572,5,6,9,10,10,145,10,8,12573,1.49,643.0
77,4573,5,5,8,8,8,145,11,4,28102,1.35,442.0
77,4574,4,4,8,10,12,66,10,11,14998,1.32,475.0
77,4575,5,6,9,11,12,145,10,4,19300,1.47,643.0
77,4576,5,8,8,12,14,63,10,11,13869,1.48,785.0
77,4577,4,4,8,8,8,63,10,5,15649,1.24,384.0
77,4578,4,7,12,13,13,145,10,5,11906,2.02,2244.0
77,4579,4,4,9,13,14,63,10,10,13638,1.43,713.0
77,4580,5,8,8,10,8,66,10,4,27913,1.45,625.0
77,4581,5,6,9,8,13,199,10,4,12952,1.51,628.0
77,4582,4,6,11,13,14,63,11,4,12878,1.82,1610.0
77,4583,4,6,11,10,13,179,15,11,15350,1.83,1757.0
77,4584,4,8,10,13,11,145,10,4,12399,1.62,1526.0
77,4585,4,8,11,10,10,179,15,8,11771,1.75,1927.0
77,4586,4,4,8,12,13,145,10,10,15560,1.28,494.0
77,4587,4,6,8,14,13,115,10,4,12962,1.38,831.0
78,4588,7,8,8,13,14,63,10,4,13845,1.57,1109.0
78,4589,4,6,10,8,8,145,10,10,13068,1.5,878.0
78,4590,4,4,8,14,10,187,10,4,21753,1.29,565.0
78,4591,4,6,11,12,13,145,11,4,14715,1.77,1370.0
78,4592,5,6,9,8,12,63,10,7,17227,1.49,600.0
78,4593,5,4,8,11,10,145,10,4,15592,1.32,373.0
78,4594,7,6,12,11,13,145,16,5,12657,2.11,2239.0
78,4595,6,4,8,8,8,74,10,4,30237,1.32,384.0
78,4596,5,4,8,8,8,187,10,11,30661,1.29,352.0
78,4597,4,5,10,10,10,145,15,8,12371,1.49,1232.0
78,4598,4,6,10,9,13,145,10,10,12102,1.54,1048.0
78,4599,4,5,10,12,13,145,15,5,11997,1.59,1433.0
78,4600,5,8,8,10,14,102,10,4,13092,1.48,744.0
78,4601,4,6,8,13,11,145,12,4,13036,1.38,720.0
78,4602,4,6,8,8,14,145,10,4,13270,1.41,753.0
78,4603,4,4,10,12,8,63,10,4,14015,1.41,658.0
78,4604,5,4,8,14,8,63,10,4,29469,1.27,438.0
78,4605,5,6,11,12,13,179,10,11,12338,1.85,1197.0
78,4606,4,5,8,10,12,145,10,5,13469,1.37,598.0
78,4607,4,5,11,12,12,145,10,11,11962,1.78,1311.0
78,4608,4,8,9,10,14,179,13,11,12407,1.56,1292.0
78,4609,4,5,11,8,14,145,10,11,11987,1.77,1106.0
78,4610,4,4,10,10,13,94,15,11,13792,1.47,1122.0
78,4611,4,6,8,9,12,145,10,5,13143,1.39,633.0
78,4612,5,4,10,9,8,63,15,5,30694,1.48,1002.0
78,4613,4,6,10,10,14,145,11,11,11846,1.59,1233.0
78,4614,5,5,9,12,13,145,10,11,12665,1.52,633.0
78,4615,5,5,10,10,13,145,10,11,16470,1.61,828.0
78,4616,4,6,8,10,13,145,10,10,13114,1.41,746.0
78,4617,4,8,11,13,11,179,11,4,11714,1.81,1761.0
78,4618,4,6,9,8,13,145,15,4,12697,1.48,1107.0
78,4619,4,5,8,9,14,63,10,11,14194,1.37,578.0
78,4620,4,4,11,10,13,145,10,4,16434,1.63,838.0
78,4621,5,4,9,13,11,145,10,4,14620,1.39,508.0
78,4622,4,5,10,8,12,179,11,11,17113,1.51,860.0
78,4623,4,8,11,10,13,145,10,10,14812,1.83,1807.0
78,4624,4,6,9,13,13,145,11,5,12386,1.45,889.0
78,4625,5,4,8,8,10,97,10,4,15034,1.31,359.0
78,4626,5,5,8,10,12,179,10,11,13755,1.41,471.0
78,4627,4,6,11,12,13,145,10,5,14578,1.77,1347.0
78,4628,5,6,9,9,13,187,10,11,12697,1.51,640.0
78,4629,4,4,8,8,13,145,10,4,15503,1.34,490.0
78,4630,4,5,11,10,10,167,11,8,11988,1.65,973.0
78,4631,4,6,9,10,13,145,10,4,12346,1.46,794.0
78,4632,4,7,11,8,14,117,14,4,12099,1.83,1948.0
78,4633,4,8,8,10,8,179,10,11,14144,1.4,711.0
78,4634,4,4,11,12,14,63,11,4,12983,1.64,908.0
78,4635,5,4,9,13,14,63,11,4,13821,1.45,565.0
78,4636,4,4,8,12,8,66,11,4,15398,1.26,435.0
78,4637,4,4,8,8,8,179,11,11,17039,1.26,418.0
78,4638,4,6,11,9,14,145,10,11,11890,1.77,1334.0
79,4639,4,4,8,10,8,66,10,4,15561,1.26,400.0
79,4640,6,6,10,10,13,145,10,11,12596,1.62,796.0
79,4641,5,7,9,8,8,63,10,4,29485,1.45,631.0
79,4642,4,4,8,9,13,187,11,11,14694,1.34,516.0
79,4643,5,5,11,12,9,179,10,11,12778,1.73,891.0
79,4644,5,6,8,8,8,63,11,5,30080,1.38,513.0
79,4645,5,6,9,11,10,145,10,9,12611,1.44,591.0
79,4646,4,5,9,13,12,145,13,8,12690,1.45,899.0
79,4647,4,8,11,8,14,63,11,4,12807,1.85,1856.0
79,4648,5,6,8,9,13,145,19,6,13229,1.37,1171.0
79,4649,4,6,11,10,12,145,11,11,11814,1.76,1284.0
79,4650,4,8,10,8,13,179,12,5,12048,1.62,1485.0
79,4651,4,8,11,13,11,145,10,4,11898,1.82,1749.0
79,4652,4,5,8,13,11,179,10,11,13564,1.4,641.0
79,4653,4,8,11,8,12,145,15,4,11983,1.77,2002.0
79,4654,4,5,8,10,13,145,11,8,13377,1.38,638.0
79,4655,5,7,8,10,8,66,11,4,30039,1.4,553.0
79,4656,5,6,8,13,13,179,10,4,13689,1.45,640.0
79,4657,4,8,11,8,11,145,11,4,11997,1.81,1667.0
79,4658,4,4,9,8,8,63,10,4,14567,1.34,474.0
79,4659,4,8,8,13,11,179,15,10,12818,1.43,1184.0
79,4660,4,5,11,10,10,179,15,4,12142,1.75,1329.0
79,4661,4,8,11,13,11,145,11,8,11886,1.81,1758.0
79,4662,4,6,8,10,13,63,10,4,13726,1.4,732.0
79,4663,4,4,8,12,8,145,11,5,16958,1.26,446.0
79,4664,5,6,11,14,13,145,11,4,12083,1.87,1287.0
79,4665,7,6,9,8,8,145,12,4,29569,1.53,899.0
79,4666,4,8,11,13,13,145,10,11,14644,1.83,1873.0
79,4667,7,6,10,11,14,179,11,5,12855,1.73,1143.0
79,4668,4,6,11,10,11,121,13,11,12119,1.75,1302.0
79,4669,5,8,11,13,12,179,11,4,12192,1.88,1404.0
79,4670,5,6,11,8,14,145,10,4,14804,1.82,1004.0
79,4671,4,4,9,9,13,63,13,11,13948,1.4,625.0
79,4672,4,6,8,8,13,145,11,5,12966,1.39,697.0
79,4673,4,4,10,10,8,63,11,4,13633,1.44,642.0
79,4674,8,8,9,8,13,63,10,4,13455,1.68,1617.0
79,4675,5,6,8,8,8,145,10,10,29669,1.4,478.0
79,4676,5,6,8,9,13,145,10,4,13452,1.42,550.0
79,4677,4,7,10,9,12,145,10,5,16850,1.59,1225.0
79,4678,4,8,8,12,13,145,15,5,12574,1.47,1246.0
79,4679,4,8,11,8,12,179,10,8,11882,1.82,1709.0
79,4680,4,4,9,10,13,63,10,4,13826,1.39,551.0
79,4681,4,5,11,10,14,102,10,11,12513,1.73,1109.0
79,4682,5,5,11,12,14,179,10,11,15637,1.84,1043.0
79,4683,4,5,9,11,10,145,15,4,12587,1.51,1114.0
80,4684,4,6,8,13,11,145,11,5,13021,1.38,725.0
80,4685,5,4,8,10,10,63,10,4,15030,1.31,349.0
80,4686,4,5,11,8,10,179,15,4,12111,1.75,1317.0
80,4687,4,8,11,10,11,145,11,4,11913,1.81,1684.0
80,4688,4,6,10,10,14,145,11,4,12170,1.59,1232.0
80,4689,5,4,8,12,14,179,10,4,14989,1.32,428.0
80,4690,4,8,11,8,8,63,10,11,13077,1.72,1425.0
80,4691,4,8,11,10,10,145,11,8,11962,1.79,1628.0
80,4692,4,4,11,13,11,179,11,4,13458,1.65,979.0
80,4693,7,8,8,8,13,63,10,4,19360,1.55,917.0
80,4694,4,8,8,10,14,145,10,4,13277,1.43,883.0
80,4695,4,6,11,13,13,179,10,5,15518,1.84,1610.0
80,4696,5,5,10,12,14,179,10,4,12296,1.6,818.0
80,4697,5,6,8,8,8,63,15,4,30573,1.34,699.0
80,4698,4,5,11,14,10,145,11,8,11984,1.75,1257.0
80,4699,5,6,12,12,10,145,10,4,12011,1.94,1251.0
80,4700,5,4,9,8,8,66,10,4,30139,1.37,397.0
80,4701,5,6,8,8,13,145,15,4,13357,1.5,992.0
80,4702,4,6,11,8,12,179,10,11,12126,1.77,1254.0
80,4703,4,8,11,12,10,145,10,10,12128,1.81,1683.0
80,4704,4,5,10,13,9,147,12,11,12473,1.49,913.0
80,4705,5,4,8,8,13,145,11,4,15636,1.36,427.0
80,4706,4,8,11,13,14,179,15,11,11665,1.94,2524.0
80,4707,4,8,11,12,11,179,10,4,11651,1.83,1742.0
80,4708,5,6,11,11,11,145,10,10,12086,1.79,944.0
80,4709,4,6,9,10,14,112,10,5,12466,1.46,804.0
80,4710,5,4,11,10,8,179,11,11,30203,1.6,585.0
80,4711,4,8,8,10,12,66,12,4,13461,1.4,918.0
80,4712,4,6,11,13,10,145,15,4,11789,1.7,1592.0
80,4713,5,4,9,8,13,72,10,4,14071,1.39,413.0
80,4714,5,4,8,10,8,63,11,11,30874,1.29,369.0
80,4715,5,5,11,8,12,179,10,4,12561,1.79,795.0
80,4716,4,6,8,13,13,63,10,4,13920,1.34,705.0
80,4717,4,4,11,12,14,145,10,5,13722,1.65,901.0
80,4718,5,4,11,10,8,66,10,4,29712,1.6,561.0
80,4719,4,4,8,9,13,145,15,4,15452,1.38,875.0
80,4720,4,6,10,9,13,63,10,5,13156,1.53,1037.0
80,4721,5,5,8,10,13,145,10,4,13737,1.41,476.0
80,4722,4,6,10,9,13,187,10,11,12753,1.54,1054.0
80,4723,4,4,8,8,13,145,11,5,15737,1.32,486.0
80,4724,4,6,10,12,14,145,10,11,11937,1.59,1242.0
80,4725,4,6,11,13,11,179,15,5,12213,1.72,1618.0
80,4726,4,8,10,9,13,145,15,4,12215,1.67,1796.0
80,4727,5,8,8,13,11,179,10,4,21327,1.47,766.0
80,4728,4,8,10,13,13,145,11,5,12365,1.67,1764.0
80,4729,4,4,11,12,8,63,10,10,13279,1.62,785.0
81,4730,4,6,9,10,12,145,10,4,12551,1.46,772.0
81,4731,5,5,10,13,11,145,13,11,12434,1.55,831.0
81,4732,5,4,11,10,14,66,10,4,15078,1.67,660.0
81,4733,4,6,11,14,14,187,11,11,12074,1.85,1711.0
81,4734,4,6,10,13,10,145,11,8,12300,1.5,1068.0
81,4735,7,6,11,10,10,102,12,4,28836,1.82,1084.0
81,4736,4,6,8,12,14,145,10,10,13405,1.38,698.0
81,4737,5,6,9,8,13,145,12,9,12492,1.55,779.0
81,4738,4,4,11,10,8,179,15,4,14070,1.6,1140.0
81,4739,4,8,8,13,11,63,11,4,13616,1.42,921.0
81,4740,5,6,9,10,14,145,13,4,12557,1.53,754.0
81,4741,4,8,12,13,13,179,11,4,11715,2.03,2580.0
81,4742,4,5,11,10,11,145,15,10,12196,1.75,1309.0
81,4743,4,6,8,13,13,66,11,4,13896,1.38,755.0
81,4744,4,8,10,10,11,145,10,10,12152,1.59,1356.0
81,4745,5,6,10,11,11,112,11,10,12667,1.61,933.0
81,4746,6,4,8,9,13,187,10,10,14983,1.4,460.0
81,4747,4,5,11,12,14,179,15,11,12081,1.77,1442.0
81,4748,5,8,10,10,12,145,10,4,12334,1.63,1056.0
81,4749,5,5,10,12,14,145,10,11,12395,1.6,815.0
81,4750,4,6,9,10,13,145,11,4,12447,1.48,842.0
81,4751,4,4,11,10,14,145,10,4,13802,1.65,861.0
81,4752,5,5,9,8,11,120,10,4,13219,1.48,481.0
81,4753,4,5,11,8,10,63,10,10,12961,1.67,925.0
81,4754,4,4,9,10,13,145,11,8,14946,1.36,540.0
81,4755,4,5,8,10,13,145,10,10,13400,1.38,616.0
81,4756,4,4,8,10,9,63,11,4,15070,1.3,444.0
81,4757,4,4,10,8,8,145,15,4,15238,1.42,857.0
81,4758,5,6,8,10,10,63,11,4,14409,1.37,535.0
81,4759,5,8,11,10,9,72,15,12,13232,1.76,1538.0
81,4760,4,4,8,10,12,179,11,4,15330,1.33,509.0
81,4761,4,5,11,10,14,145,10,8,11997,1.74,1112.0
81,4762,4,8,11,8,10,119,11,4,12244,1.79,1606.0
81,4763,5,4,11,10,14,179,10,4,16661,1.68,675.0
81,4764,4,6,9,13,12,145,13,11,12549,1.46,1044.0
81,4765,5,6,8,8,10,145,13,4,13606,1.37,623.0
81,4766,4,8,11,11,10,179,10,8,11943,1.86,1883.0
81,4767,4,8,8,13,14,147,10,5,12750,1.42,969.0
81,4768,4,6,8,10,14,102,14,4,13253,1.39,834.0
81,4769,4,8,11,10,10,145,15,4,11869,1.75,1921.0
81,4770,4,4,8,9,8,145,15,10,17354,1.26,621.0
81,4771,4,6,10,8,13,63,10,5,13143,1.53,1030.0
81,4772,4,4,8,10,10,63,11,4,19530,1.31,459.0
81,4773,4,8,8,14,9,179,10,11,13823,1.45,963.0
81,4774,4,4,10,12,8,145,10,10,15328,1.42,670.0
81,4775,4,5,8,8,13,63,10,4,14215,1.33,509.0
82,4776,4,8,11,12,10,145,10,4,12049,1.81,1681.0
82,4777,4,5,11,10,11,179,11,8,12164,1.71,1025.0
82,4778,4,4,8,10,8,145,15,5,17218,1.26,634.0
82,4779,4,6,10,9,13,63,11,4,13158,1.52,1050.0
82,4780,5,7,11,11,13,179,10,11,12213,1.82,1179.0
82,4781,4,8,11,13,14,145,15,4,11781,1.94,2518.0
82,4782,4,8,10,13,11,179,10,4,11926,1.62,1530.0
82,4783,5,4,8,10,8,63,11,4,29834,1.29,367.0
82,4784,4,8,11,12,14,145,11,4,11944,1.91,2180.0
82,4785,4,6,11,13,14,179,10,11,12147,1.84,1652.0
82,4786,4,6,11,14,11,145,11,4,11900,1.71,1428.0
82,4787,7,6,11,13,13,145,11,4,12178,1.95,1327.0
82,4788,5,6,10,8,8,167,19,9,29695,1.54,1381.0
82,4789,4,4,8,13,14,145,10,4,15978,1.29,540.0
82,4790,4,8,11,9,13,145,15,11,14540,1.93,2382.0
82,4791,5,4,10,8,8,63,11,11,31367,1.46,514.0
82,4792,4,4,8,10,8,145,11,10,17188,1.26,428.0
82,4793,4,5,10,8,13,63,10,10,13406,1.52,869.0
82,4794,5,5,11,10,14,63,10,11,14899,1.79,847.0
82,4795,5,4,9,8,10,63,10,4,14026,1.41,389.0
82,4796,5,5,9,11,13,145,10,4,12646,1.52,612.0
82,4797,5,5,8,12,14,63,10,4,13969,1.41,511.0
82,4798,5,4,10,8,8,145,10,4,31104,1.48,502.0
82,4799,4,6,10,10,13,63,10,10,13069,1.53,1054.0
82,4800,4,6,11,12,10,179,10,4,12234,1.69,1185.0
82,4801,5,8,11,14,10,145,11,11,12074,1.85,1438.0
82,4802,5,4,10,10,13,63,10,4,15869,1.55,663.0
82,4803,5,6,9,11,11,112,10,4,12659,1.46,602.0
82,4804,4,6,11,8,12,179,10,4,12065,1.77,1252.0
82,4805,5,5,9,10,12,145,10,11,18649,1.5,623.0
82,4806,4,8,11,12,13,179,15,4,14971,1.9,2307.0
82,4807,4,6,8,13,11,145,10,5,12932,1.35,663.0
82,4808,5,5,8,10,8,100,10,4,27975,1.33,397.0
82,4809,4,6,11,14,10,145,10,10,11886,1.79,1529.0
82,4810,7,4,8,9,13,187,10,9,22035,1.45,642.0
82,4811,4,5,11,10,12,179,15,11,11881,1.75,1346.0
82,4812,5,5,11,10,10,145,11,11,12423,1.69,743.0
82,4813,4,5,11,8,12,179,10,8,12060,1.75,1042.0
82,4814,4,6,11,10,10,145,16,6,11885,1.79,1787.0
82,4815,4,5,8,13,11,145,11,4,13467,1.38,628.0
82,4816,4,4,8,12,13,63,15,10,14678,1.36,961.0
82,4817,8,4,10,9,9,63,15,5,29916,1.64,1977.0
82,4818,4,8,11,12,11,179,10,11,11660,1.83,1744.0
82,4819,4,5,11,12,13,179,10,4,15123,1.79,1355.0
82,4820,4,6,11,10,10,179,10,11,12113,1.69,1151.0
82,4821,4,8,11,12,12,145,15,10,11887,1.88,2235.0
83,4822,4,8,10,9,13,179,15,4,12037,1.67,1801.0
83,4823,4,6,11,13,11,145,11,5,11831,1.81,1485.0
83,4824,5,4,9,10,8,145,11,4,29810,1.39,463.0
83,4825,5,6,8,10,10,66,10,8,14168,1.35,469.0
83,4826,4,6,8,13,10,179,10,4,22420,1.34,647.0
83,4827,4,5,10,8,13,179,11,10,12317,1.51,884.0
83,4828,5,5,8,8,10,63,11,4,14606,1.36,448.0
83,4829,4,8,8,13,13,66,10,4,13445,1.41,933.0
83,4830,4,5,11,12,14,179,10,4,12144,1.8,1388.0
83,4831,5,8,9,8,11,120,10,11,12746,1.53,748.0
83,4832,4,7,12,10,12,66,11,4,12675,1.96,2070.0
83,4833,4,5,10,10,14,170,10,11,12337,1.54,924.0
83,4834,5,5,11,8,10,120,10,4,12826,1.71,716.0
83,4835,4,6,9,12,11,145,10,10,18819,1.45,786.0
83,4836,4,4,12,12,14,82,10,4,15088,1.87,1351.0
83,4837,5,8,11,10,10,63,10,4,13219,1.82,1211.0
83,4838,5,6,9,11,10,78,10,9,13492,1.44,583.0
83,4839,4,6,10,10,13,145,15,11,12064,1.56,1565.0
83,4840,4,5,8,10,14,145,11,11,13801,1.39,667.0
83,4841,5,4,11,8,8,63,10,4,30525,1.6,552.0
83,4842,4,8,11,10,14,153,10,4,11927,1.85,1861.0
83,4843,4,8,11,10,12,179,15,4,11745,1.77,2026.0
83,4844,4,6,10,14,11,145,10,11,11935,1.55,1236.0
83,4845,4,6,10,9,14,145,15,4,12076,1.58,1581.0
83,4846,5,4,8,11,8,63,15,4,29976,1.29,601.0
83,4847,5,6,9,12,14,145,10,4,12528,1.53,756.0
83,4848,5,5,10,10,10,145,10,8,12428,1.57,754.0
83,4849,4,6,11,12,11,179,10,5,12133,1.76,1266.0
83,4850,4,6,8,14,10,119,11,4,21035,1.37,760.0
83,4851,4,6,8,10,14,145,19,4,13493,1.34,1228.0
83,4852,5,5,10,13,10,145,10,5,12598,1.53,740.0
83,4853,4,4,11,8,14,63,10,4,13341,1.63,827.0
83,4854,4,6,8,14,14,102,12,4,13287,1.43,899.0
83,4855,5,5,11,10,13,63,11,8,13146,1.76,814.0
83,4856,4,4,9,9,10,145,10,4,14967,1.39,489.0
83,4857,4,8,11,12,13,63,10,11,14687,1.83,1845.0
83,4858,4,4,8,10,8,179,12,4,16863,1.28,455.0
83,4859,4,5,9,12,8,145,18,10,14371,1.39,1123.0
83,4860,4,5,10,13,13,145,15,5,12211,1.55,1404.0
83,4861,4,8,11,12,13,179,15,5,14810,1.9,2307.0
83,4862,4,5,11,10,10,139,11,8,12330,1.65,969.0
83,4863,4,8,9,12,14,179,10,11,12293,1.57,1299.0
83,4864,4,6,8,13,14,145,11,4,13164,1.39,780.0
83,4865,4,8,11,10,8,112,11,11,12567,1.74,1474.0
84,4866,4,4,9,12,13,66,10,11,13575,1.43,656.0
84,4867,5,5,10,11,10,145,10,4,12521,1.52,689.0
84,4868,4,8,11,9,11,63,11,4,12991,1.8,1664.0
84,4869,4,4,8,13,13,179,10,4,14981,1.28,532.0
84,4870,4,4,8,11,14,186,14,5,14779,1.37,768.0
84,4871,5,4,12,8,14,60,10,11,13216,1.83,863.0
84,4872,4,5,11,10,10,179,10,8,12103,1.66,953.0
84,4873,5,6,8,8,11,120,10,5,19985,1.42,516.0
84,4874,4,5,9,13,11,145,10,4,18687,1.47,742.0
84,4875,5,6,9,10,13,145,11,4,12373,1.5,657.0
84,4876,5,5,8,11,10,145,10,4,13786,1.4,442.0
84,4877,5,4,9,8,8,63,10,4,30347,1.37,397.0
84,4878,4,5,11,12,13,145,20,4,14519,1.78,2150.0
84,4879,5,5,11,10,13,63,11,11,13312,1.76,815.0
84,4880,5,8,10,12,13,145,10,4,16690,1.65,1146.0
84,4881,4,6,10,10,13,63,11,5,12983,1.57,1181.0
84,4882,4,4,8,9,9,145,15,4,15880,1.26,623.0
84,4883,4,6,9,8,8,63,19,12,14406,1.39,1221.0
84,4884,5,4,10,8,8,145,11,4,30555,1.47,521.0
84,4885,4,6,9,8,8,145,10,11,14561,1.41,696.0
84,4886,5,4,8,12,13,63,10,10,14822,1.31,407.0
84,4887,5,6,10,10,14,102,12,4,12610,1.62,976.0
84,4888,4,5,8,10,13,145,11,10,13240,1.38,640.0
84,4889,4,8,11,13,10,179,15,4,11700,1.75,2008.0
84,4890,8,8,10,10,14,145,10,4,12662,1.79,1860.0
84,4891,4,8,11,13,14,179,11,4,11645,1.86,1961.0
84,4892,4,6,10,13,13,187,11,5,12437,1.58,1274.0
84,4893,4,4,8,9,13,145,10,11,15486,1.3,457.0
85,4894,4,6,10,10,10,145,15,8,12175,1.49,1411.0
85,4895,4,4,8,8,8,128,10,4,16771,1.25,392.0
85,4896,4,4,8,8,8,66,11,11,15527,1.26,403.0
85,4897,4,6,9,10,10,145,10,10,12683,1.45,726.0
85,4898,4,6,11,12,12,145,13,11,11775,1.76,1401.0
85,4899,5,4,9,10,9,63,10,4,14706,1.38,427.0
85,4900,4,5,11,13,14,167,10,5,12049,1.76,1293.0
85,4901,4,6,11,12,10,145,10,8,11833,1.69,1181.0
85,4902,4,5,11,10,13,145,15,10,14756,1.76,1378.0
85,4903,4,8,10,13,11,179,11,4,12239,1.65,1663.0
85,4904,4,5,11,13,10,145,15,4,12003,1.75,1375.0
85,4905,5,8,10,12,14,179,10,4,12255,1.67,1180.0
85,4906,4,6,8,12,13,77,10,5,13504,1.38,687.0
85,4907,4,4,8,10,8,51,11,4,15753,1.25,414.0
85,4908,5,4,12,8,10,145,10,10,13910,1.76,784.0
85,4909,4,8,11,12,13,63,10,4,14621,1.83,1843.0
85,4910,4,8,11,13,10,179,11,8,11905,1.8,1705.0
85,4911,4,6,11,13,11,145,11,4,11782,1.81,1485.0
85,4912,4,4,11,13,8,63,11,4,13249,1.56,861.0
85,4913,5,6,8,8,14,145,10,4,13319,1.43,553.0
85,4914,5,8,8,8,12,179,10,4,13155,1.46,644.0
85,4915,5,6,8,13,12,145,10,5,13474,1.45,629.0
85,4916,4,5,11,10,13,179,10,11,15162,1.74,1073.0
85,4917,8,6,8,10,10,145,11,8,29382,1.5,1425.0
85,4918,4,6,8,10,13,145,19,6,13133,1.34,1202.0
85,4919,5,6,8,9,10,145,10,10,13290,1.35,472.0
85,4920,5,4,8,8,8,120,10,4,30426,1.28,342.0
85,4921,4,5,9,8,11,63,10,4,17463,1.45,678.0
85,4922,4,7,10,10,11,59,10,4,13182,1.56,1183.0
85,4923,4,5,11,12,13,145,10,5,14800,1.79,1350.0
85,4924,4,8,11,11,14,145,10,4,11948,1.9,2134.0
85,4925,5,5,9,12,10,179,10,11,12960,1.43,545.0
85,4926,5,4,11,8,8,63,15,4,30771,1.66,975.0
85,4927,4,7,9,8,13,128,10,11,12270,1.49,927.0
85,4928,5,4,9,10,12,145,13,4,20064,1.43,525.0
85,4929,4,6,8,8,13,147,10,4,12891,1.41,722.0
85,4930,4,6,10,9,13,145,19,10,12079,1.56,1655.0
85,4931,4,8,9,8,14,145,10,7,12531,1.52,1094.0
85,4932,4,6,8,13,11,145,10,8,13127,1.35,663.0
85,4933,5,8,9,10,8,173,18,4,29413,1.59,1572.0
85,4934,4,8,8,8,14,63,18,4,13494,1.43,1384.0
85,4935,4,5,10,10,10,179,13,4,12604,1.51,1006.0
85,4936,4,8,11,13,12,145,10,11,11915,1.83,1809.0
85,4937,4,8,11,13,13,145,15,4,14800,1.93,2457.0
85,4938,4,6,10,9,10,179,15,5,12539,1.5,1395.0
85,4939,5,6,11,8,8,145,10,4,30384,1.69,820.0
85,4940,4,4,8,13,14,63,10,5,14795,1.28,529.0
85,4941,6,5,11,10,14,145,10,4,12662,1.84,817.0
85,4942,4,5,9,8,8,120,10,4,14796,1.41,645.0
85,4943,5,4,8,13,11,63,10,10,18629,1.37,471.0
85,4944,4,6,10,10,8,145,11,5,12946,1.46,926.0
85,4945,4,6,9,9,12,145,13,5,12509,1.45,856.0
85,4946,4,6,10,10,11,145,11,11,12158,1.57,1132.0
85,4947,5,5,8,10,10,66,11,8,14439,1.36,467.0
